"index","GCM","SSP","RUN","PERIOD","BAFAun","CDFmm","CMAun","CMAunp","CWHdm","CWHdm_WA","CWHds1","CWHds2","CWHmm1","CWHmm2","CWHms1","CWHms2","CWHvm_WA","CWHvm1","CWHvm2","CWHwm","CWHws1","CWHws2","CWHxm1","CWHxm2","ESSFdv1","ESSFdv2","ESSFdvp","ESSFdvw","ESSFmc","ESSFmk","ESSFmkw","ESSFmw","ESSFmw2","ESSFmwp","ESSFmww","ESSFxv1","ESSFxvp","IDFdc","IDFww","IMAun","IMAunp","MHmm_WA","MHmm1","MHmm2","MHmmp","MSdc1","MSdv","CDFmm_WA","CMAun_WA","CRFdh_CA","CWHmh_OR","CWHvh_WA","CWHwh_WA","CWHxm_WA","ESSFdc2","ESSFdh2","ESSFmw1","MSdm2","BAFAunp","ESSFmw_WA","IMAun_WA","CWHdm_OR","CWHms_WA","ESSFdh1","IDFdk2","MHms_WA","MSdh_UT","ESSFdh_WA","ICHvk1","ESSFwv","ESSFwvp","ICHmw1","ICHwk1","MSdc3","ICHmw2","ESSFmcp","ESSFmcw","ESSFwvw","ICHmc2","ESSFmh","ESSFvcw","ESSFwcw","CMXwm_OR","IGFdk_WA","ESSFmkp","ESSFvc","ESSFwc2","ESSFwh1","ICHmw3","ESSFdc1","ESSFwc4","CWFmm_OR","CWHds_WA","ICHdw_ID","ICHdw1","CWHvm_OR","SWBvks","ESSFwcp","CMXdm_OR","CDFmm_OR","ESSFvh_ID","ESSFwm_MT","GOun_CO","ICHdh_ID","ICHvk_ID","IDFdkx_MT","IDFxh_ID","IGFdw_OR","IGFmm_OR","MSxh_OR","CWHvh1","CWHvh2","ESSFwh3","ESSFwm3","ICHmw4","ICHxw"
1,"obs","obs",NA,"1961_1990",741,2142,466,25361,11269,17,2076,39,48,1,2116,100,195,5616,10303,87,99,547,5712,800,98,59,68,105,13,6,2,77,20,34,2,69,43,62,15,23,44,62,9645,4280,85,14,2,NA,NA,NA,NA,NA,NA,NA,NA,NA,NA,NA,NA,NA,NA,NA,NA,NA,NA,NA,NA,NA,NA,NA,NA,NA,NA,NA,NA,NA,NA,NA,NA,NA,NA,NA,NA,NA,NA,NA,NA,NA,NA,NA,NA,NA,NA,NA,NA,NA,NA,NA,NA,NA,NA,NA,NA,NA,NA,NA,NA,NA,NA,NA,NA,NA,NA,NA,NA,NA
2,"obs","obs",NA,"2001_2020",429,546,121,19606,8972,2080,847,183,29,76,1523,254,3377,10373,8817,49,38,794,1957,364,2,8,78,5,NA,NA,NA,NA,311,2,15,NA,NA,2,51,59,330,925,8195,3359,32,NA,NA,87,135,1,3217,252,18,5024,1,6,10,3,NA,NA,NA,NA,NA,NA,NA,NA,NA,NA,NA,NA,NA,NA,NA,NA,NA,NA,NA,NA,NA,NA,NA,NA,NA,NA,NA,NA,NA,NA,NA,NA,NA,NA,NA,NA,NA,NA,NA,NA,NA,NA,NA,NA,NA,NA,NA,NA,NA,NA,NA,NA,NA,NA,NA,NA,NA,NA
3,"ACCESS-ESM1-5","ssp245","ensembleMean","2001_2020",637,749,70,16371,6236,9703,2135,51,6,39,3589,162,7500,4101,8107,NA,89,924,497,107,10,54,44,88,NA,NA,NA,NA,270,16,52,25,59,17,110,233,14,1544,5812,6381,38,2,NA,NA,31,NA,716,NA,50,5700,28,7,92,76,1,16,4,NA,NA,NA,NA,NA,NA,NA,NA,NA,NA,NA,NA,NA,NA,NA,NA,NA,NA,NA,NA,NA,NA,NA,NA,NA,NA,NA,NA,NA,NA,NA,NA,NA,NA,NA,NA,NA,NA,NA,NA,NA,NA,NA,NA,NA,NA,NA,NA,NA,NA,NA,NA,NA,NA,NA
4,"ACCESS-ESM1-5","ssp245","r10i1p1f1","2001_2020",953,278,47,13393,1144,14484,2399,59,2,130,3338,83,14095,1378,1753,NA,5,658,77,44,6,22,57,72,NA,NA,NA,8,184,14,107,39,143,17,210,92,6,6495,3012,6636,3,NA,NA,NA,1388,NA,960,NA,160,7979,38,2,280,129,19,48,70,14,16,2,4,7,4,NA,NA,NA,NA,NA,NA,NA,NA,NA,NA,NA,NA,NA,NA,NA,NA,NA,NA,NA,NA,NA,NA,NA,NA,NA,NA,NA,NA,NA,NA,NA,NA,NA,NA,NA,NA,NA,NA,NA,NA,NA,NA,NA,NA,NA,NA,NA,NA,NA
5,"ACCESS-ESM1-5","ssp245","r1i1p1f1","2001_2020",1328,537,59,12472,301,16447,2126,39,NA,11,2594,12,15680,411,827,NA,NA,305,73,36,1,21,34,53,NA,NA,NA,17,11,84,403,21,256,7,264,1,3,8673,1974,5472,1,NA,NA,NA,3335,NA,638,NA,179,6338,173,3,558,263,47,129,246,7,24,26,5,11,26,1,NA,NA,NA,NA,NA,NA,NA,NA,NA,NA,NA,NA,NA,NA,NA,NA,NA,NA,NA,NA,NA,NA,NA,NA,NA,NA,NA,NA,NA,NA,NA,NA,NA,NA,NA,NA,NA,NA,NA,NA,NA,NA,NA,NA,NA,NA,NA,NA
6,"ACCESS-ESM1-5","ssp245","r2i1p1f1","2001_2020",830,345,55,14799,3992,11728,2332,35,2,137,4150,55,10359,2788,5756,NA,32,322,119,50,4,42,27,78,NA,NA,NA,NA,187,1,194,30,91,11,208,83,12,2706,4837,6798,8,1,NA,NA,143,NA,1008,1,113,7450,37,NA,386,151,NA,28,31,NA,8,2,NA,NA,NA,NA,1,NA,NA,NA,NA,NA,NA,NA,NA,NA,NA,NA,NA,NA,NA,NA,NA,NA,NA,NA,NA,NA,NA,NA,NA,NA,NA,NA,NA,NA,NA,NA,NA,NA,NA,NA,NA,NA,NA,NA,NA,NA,NA,NA,NA,NA,NA,NA
7,"CNRM-ESM2-1","ssp245","ensembleMean","2001_2020",339,2801,379,21871,13089,17,1926,46,16,NA,2282,113,124,7713,11402,57,122,647,4827,180,33,14,14,44,NA,NA,NA,4,27,8,4,2,6,19,3,8,57,12,9358,4570,169,1,NA,NA,NA,NA,87,48,NA,92,NA,1,NA,8,NA,NA,NA,NA,NA,NA,NA,NA,NA,NA,NA,4,1,2,15,1,NA,NA,NA,NA,NA,NA,NA,NA,NA,NA,NA,NA,NA,NA,NA,NA,NA,NA,NA,NA,NA,NA,NA,NA,NA,NA,NA,NA,NA,NA,NA,NA,NA,NA,NA,NA,NA,NA,NA,NA,NA,NA
8,"CNRM-ESM2-1","ssp245","r1i1p1f2","2001_2020",343,2040,508,21568,13124,308,1736,49,8,NA,1868,162,517,8617,11371,83,102,768,4302,166,41,9,15,53,NA,NA,1,2,46,6,2,1,2,11,1,39,78,26,9412,4332,230,2,NA,NA,NA,NA,126,42,NA,406,NA,1,NA,4,NA,NA,NA,NA,NA,NA,NA,NA,NA,NA,NA,5,1,2,26,NA,1,NA,NA,NA,NA,NA,NA,NA,NA,NA,NA,NA,NA,NA,NA,NA,NA,NA,NA,NA,NA,NA,NA,NA,NA,NA,NA,NA,NA,NA,NA,NA,NA,NA,NA,NA,NA,NA,NA,NA,NA,NA
9,"CNRM-ESM2-1","ssp245","r2i1p1f2","2001_2020",364,2061,177,21843,12797,1741,1733,55,12,4,2747,158,1297,6395,10876,14,111,572,3900,18,63,27,52,55,NA,NA,NA,3,172,27,13,NA,8,26,32,62,75,150,8997,4422,12,6,NA,6,NA,NA,251,52,NA,1139,8,1,NA,29,NA,NA,NA,NA,NA,NA,NA,NA,NA,NA,NA,NA,NA,NA,NA,NA,NA,NA,NA,NA,NA,NA,NA,NA,NA,NA,NA,NA,NA,NA,NA,NA,NA,NA,NA,NA,NA,NA,NA,NA,NA,NA,NA,NA,NA,NA,NA,NA,NA,NA,NA,NA,NA,NA,NA,NA,NA,NA
10,"CNRM-ESM2-1","ssp245","r3i1p1f2","2001_2020",378,1912,824,21447,13767,11,1516,48,15,NA,1286,156,62,9561,11767,293,97,925,3724,87,10,3,4,16,NA,NA,1,5,28,6,NA,NA,5,4,NA,9,59,6,9726,4192,422,NA,NA,NA,NA,NA,NA,58,NA,20,NA,NA,NA,8,NA,NA,NA,NA,NA,NA,NA,NA,NA,NA,NA,22,2,13,42,NA,8,2,10,3,3,NA,NA,NA,NA,NA,NA,NA,NA,NA,NA,NA,NA,NA,NA,NA,NA,NA,NA,NA,NA,NA,NA,NA,NA,NA,NA,NA,NA,NA,NA,NA,NA,NA,NA,NA,NA,NA
11,"EC-Earth3","ssp245","ensembleMean","2001_2020",305,1655,201,19887,13298,2404,1684,71,NA,NA,2574,80,1232,8056,11895,9,125,676,2716,2,63,17,50,99,NA,NA,NA,1,290,24,11,NA,1,19,22,68,145,56,8496,4274,76,1,NA,NA,NA,NA,308,28,NA,1515,5,NA,5,60,NA,NA,NA,NA,NA,NA,NA,NA,NA,NA,NA,2,NA,5,43,2,1,NA,NA,NA,NA,6,NA,NA,NA,NA,NA,NA,NA,NA,NA,NA,NA,NA,NA,NA,NA,NA,NA,NA,NA,NA,NA,NA,NA,NA,NA,NA,NA,NA,NA,NA,NA,NA,NA,NA,NA,NA
12,"EC-Earth3","ssp245","r15i1p1f1","2001_2020",417,2330,552,19246,13993,170,1739,96,4,NA,1755,99,201,8968,12398,95,173,1165,4249,30,29,11,107,112,NA,NA,NA,2,101,18,2,NA,NA,49,8,94,226,9,8649,4336,368,NA,NA,NA,NA,NA,121,33,NA,429,NA,2,NA,35,NA,NA,NA,NA,NA,NA,NA,NA,NA,NA,NA,36,3,9,79,1,6,NA,NA,2,NA,6,NA,NA,NA,NA,NA,NA,NA,NA,NA,NA,NA,NA,NA,NA,NA,NA,NA,NA,NA,NA,NA,NA,NA,NA,NA,NA,NA,NA,NA,NA,NA,NA,NA,NA,NA,NA
13,"EC-Earth3","ssp245","r1i1p1f1","2001_2020",313,605,106,19373,7320,9192,1362,83,13,NA,2738,81,5557,6683,8736,5,27,691,480,58,56,8,39,62,NA,NA,NA,NA,320,49,54,NA,NA,4,32,73,71,1296,8359,4331,15,NA,NA,NA,40,NA,647,31,33,3461,10,NA,80,63,NA,NA,NA,NA,NA,1,NA,NA,NA,NA,NA,NA,NA,NA,NA,NA,NA,NA,NA,NA,NA,5,NA,NA,NA,NA,NA,NA,NA,NA,NA,NA,NA,NA,NA,NA,NA,NA,NA,NA,NA,NA,NA,NA,NA,NA,NA,NA,NA,NA,NA,NA,NA,NA,NA,NA,NA,NA
14,"EC-Earth3","ssp245","r4i1p1f1","2001_2020",632,2805,550,18136,13280,1689,2484,61,9,NA,2846,35,770,7281,12432,15,236,994,3874,28,35,42,55,131,NA,3,4,NA,190,1,3,NA,14,61,31,64,78,30,7231,5135,537,NA,NA,NA,NA,NA,157,8,NA,343,7,NA,2,81,NA,NA,NA,NA,NA,NA,NA,NA,NA,NA,NA,7,1,45,74,6,NA,NA,NA,NA,NA,16,1,13,NA,NA,NA,NA,NA,NA,NA,NA,NA,NA,NA,NA,NA,NA,NA,NA,NA,NA,NA,NA,NA,NA,NA,NA,NA,NA,NA,NA,NA,NA,NA,NA,NA,NA
15,"GFDL-ESM4","ssp245","ensembleMean","2001_2020",498,2530,139,22146,12095,1745,1545,66,47,9,2462,198,1745,6052,10459,24,92,740,4430,100,99,42,131,86,NA,2,NA,NA,337,40,10,2,14,78,49,192,132,260,8730,4312,36,13,NA,22,3,NA,220,31,NA,521,18,13,NA,43,NA,NA,NA,NA,NA,NA,NA,NA,NA,NA,NA,NA,NA,NA,NA,5,NA,NA,NA,NA,NA,NA,NA,NA,NA,NA,NA,NA,NA,NA,NA,NA,NA,NA,NA,NA,NA,NA,NA,NA,NA,NA,NA,NA,NA,NA,NA,NA,NA,NA,NA,NA,NA,NA,NA,NA,NA,NA
16,"GFDL-ESM4","ssp245","r1i1p1f1","2001_2020",545,2706,183,22275,11990,1089,1747,62,30,2,2329,213,1087,6014,10589,46,145,919,5287,217,114,49,126,107,NA,6,NA,1,230,29,14,1,16,96,59,199,119,215,8790,4718,94,29,NA,6,NA,NA,39,10,NA,4,NA,5,NA,5,NA,NA,NA,NA,NA,NA,NA,NA,NA,NA,NA,NA,NA,1,NA,6,NA,NA,NA,NA,NA,NA,NA,NA,NA,NA,NA,NA,NA,NA,NA,NA,NA,NA,NA,NA,NA,NA,NA,NA,NA,NA,NA,NA,NA,NA,NA,NA,NA,NA,NA,NA,NA,NA,NA,NA,NA,NA
17,"GFDL-ESM4","ssp245","r2i1p1f1","2001_2020",592,1940,97,22165,11364,3683,1317,75,114,5,2417,115,3724,4642,9791,15,41,617,2876,128,105,52,155,122,NA,NA,NA,NA,410,23,38,NA,24,53,51,167,93,446,8795,3983,6,5,NA,451,31,NA,320,20,1,1321,43,21,6,103,NA,NA,NA,NA,NA,NA,NA,NA,NA,NA,NA,NA,NA,NA,NA,NA,NA,NA,NA,NA,NA,NA,NA,NA,NA,NA,NA,NA,NA,NA,NA,NA,NA,NA,NA,NA,NA,NA,NA,NA,NA,NA,NA,NA,NA,NA,NA,NA,NA,NA,NA,NA,NA,NA,NA,NA,NA,NA
18,"GFDL-ESM4","ssp245","r3i1p1f1","2001_2020",453,2403,141,21686,12026,1510,1495,56,47,38,2476,283,1296,6972,10788,20,126,715,4397,128,51,34,87,65,NA,NA,NA,NA,302,29,13,NA,10,73,40,187,105,196,8607,4502,43,6,NA,NA,NA,NA,283,24,NA,787,12,14,NA,32,NA,NA,NA,NA,NA,NA,NA,NA,NA,NA,NA,NA,NA,NA,NA,5,NA,NA,NA,NA,NA,NA,NA,NA,NA,NA,NA,NA,NA,NA,NA,NA,NA,NA,NA,NA,NA,NA,NA,NA,NA,NA,NA,NA,NA,NA,NA,NA,NA,NA,NA,NA,NA,NA,NA,NA,NA,NA
19,"GISS-E2-1-G","ssp245","ensembleMean","2001_2020",550,2944,654,20147,12421,35,1943,55,31,NA,2111,305,193,7795,11312,108,191,1133,5391,288,35,22,12,43,NA,1,1,14,3,16,12,3,21,27,18,18,28,29,8590,5618,362,4,NA,NA,NA,NA,12,29,NA,19,NA,NA,NA,NA,NA,NA,NA,NA,NA,NA,NA,NA,NA,NA,NA,NA,NA,12,7,NA,NA,NA,NA,NA,NA,NA,NA,NA,NA,NA,NA,NA,NA,NA,NA,NA,NA,NA,NA,NA,NA,NA,NA,NA,NA,NA,NA,NA,NA,NA,NA,NA,NA,NA,NA,NA,NA,NA,NA,NA,NA,NA
20,"GISS-E2-1-G","ssp245","r1i1p3f1","2001_2020",615,2466,1018,19971,12815,104,1940,54,12,NA,1927,191,153,8359,11848,142,218,1100,4904,142,43,24,21,56,3,3,5,8,2,9,6,3,38,41,19,28,19,25,8409,5209,550,NA,NA,NA,NA,NA,NA,5,NA,1,NA,NA,NA,NA,NA,NA,NA,NA,NA,NA,NA,NA,NA,NA,NA,1,1,27,24,NA,NA,NA,4,NA,NA,NA,NA,NA,NA,NA,NA,NA,NA,NA,NA,NA,NA,NA,NA,NA,NA,NA,NA,NA,NA,NA,NA,NA,NA,NA,NA,NA,NA,NA,NA,NA,NA,NA,NA,NA,NA,NA
21,"GISS-E2-1-G","ssp245","r2i1p3f1","2001_2020",710,2317,902,20708,12634,146,1748,56,18,NA,1550,396,272,8099,11131,167,145,1382,4709,263,48,15,24,58,3,5,7,8,8,12,5,1,24,22,14,54,35,59,9068,5317,368,4,NA,NA,NA,NA,NA,29,NA,1,NA,NA,NA,NA,3,NA,NA,NA,NA,NA,NA,NA,NA,NA,NA,NA,NA,5,8,NA,NA,NA,5,NA,NA,NA,NA,NA,NA,NA,NA,NA,NA,NA,NA,NA,NA,NA,NA,NA,NA,NA,NA,NA,NA,NA,NA,NA,NA,NA,NA,NA,NA,NA,NA,NA,NA,NA,NA,NA,NA,NA
22,"GISS-E2-1-G","ssp245","r3i1p3f1","2001_2020",484,3061,270,20072,13095,135,1962,51,28,5,2864,259,278,6823,11030,20,224,904,5418,256,32,25,14,41,NA,NA,NA,9,32,22,17,NA,16,23,38,26,28,68,8310,5796,160,2,NA,NA,NA,NA,176,46,NA,440,NA,NA,NA,1,NA,NA,NA,NA,NA,NA,NA,NA,NA,NA,NA,NA,NA,2,NA,NA,NA,NA,NA,NA,NA,NA,NA,NA,NA,NA,NA,NA,NA,NA,NA,NA,NA,NA,NA,NA,NA,NA,NA,NA,NA,NA,NA,NA,NA,NA,NA,NA,NA,NA,NA,NA,NA,NA,NA,NA,NA,NA
23,"MIROC6","ssp245","ensembleMean","2001_2020",297,2047,213,20108,12536,613,1837,57,46,10,2590,360,761,8094,10711,25,171,862,4427,338,13,7,6,12,NA,NA,NA,3,33,13,10,NA,NA,7,12,23,54,131,8571,4965,91,NA,NA,NA,NA,NA,485,57,NA,1967,NA,NA,NA,NA,NA,NA,NA,NA,NA,NA,NA,NA,NA,NA,NA,NA,NA,NA,NA,NA,NA,NA,NA,NA,NA,NA,NA,NA,NA,NA,NA,NA,NA,NA,NA,NA,NA,NA,NA,NA,NA,NA,NA,NA,NA,NA,NA,NA,NA,NA,NA,NA,NA,NA,NA,NA,NA,NA,NA,NA,NA,NA
24,"MIROC6","ssp245","r1i1p1f1","2001_2020",274,2509,207,20066,12612,222,1942,59,56,10,2757,322,395,8199,11009,18,217,800,4623,414,12,8,6,10,NA,NA,NA,2,65,13,8,NA,1,10,16,17,67,67,8471,4880,63,1,NA,NA,NA,NA,401,59,NA,1670,1,1,NA,3,NA,NA,NA,NA,NA,NA,NA,NA,NA,NA,NA,NA,NA,NA,NA,NA,NA,NA,NA,NA,NA,NA,NA,NA,NA,NA,NA,NA,NA,NA,NA,NA,NA,NA,NA,NA,NA,NA,NA,NA,NA,NA,NA,NA,NA,NA,NA,NA,NA,NA,NA,NA,NA,NA,NA,NA,NA,NA
25,"MIROC6","ssp245","r2i1p1f1","2001_2020",326,2396,216,20257,12505,348,1785,58,43,18,2610,374,643,7504,10734,20,168,794,4923,370,15,9,5,13,NA,NA,NA,4,31,13,12,NA,NA,5,17,21,59,111,8820,5111,98,1,NA,NA,NA,NA,402,100,4,1620,NA,NA,NA,NA,NA,NA,NA,NA,NA,NA,NA,NA,NA,NA,NA,NA,NA,NA,NA,NA,NA,NA,NA,NA,NA,NA,NA,NA,NA,NA,NA,NA,NA,NA,NA,NA,NA,NA,NA,NA,NA,NA,NA,NA,NA,NA,NA,NA,NA,NA,NA,NA,NA,NA,NA,NA,NA,NA,NA,NA,NA,NA
26,"MPI-ESM1-2-HR","ssp245","ensembleMean","2001_2020",615,2253,128,20020,9121,6835,1677,52,74,38,2854,221,3992,4765,9250,5,106,785,2261,83,22,53,54,65,NA,NA,NA,1,258,5,19,10,68,43,59,233,51,1076,7841,5680,50,2,NA,4,18,NA,316,16,5,1377,26,13,3,53,1,3,NA,NA,NA,NA,NA,NA,NA,NA,NA,NA,NA,NA,NA,3,NA,NA,NA,NA,NA,NA,NA,NA,NA,NA,NA,NA,NA,NA,NA,NA,NA,NA,NA,NA,NA,NA,NA,NA,NA,NA,NA,NA,NA,NA,NA,NA,NA,NA,NA,NA,NA,NA,NA,NA,NA,NA
27,"MPI-ESM1-2-HR","ssp245","r1i1p1f1","2001_2020",1058,2240,208,18491,6273,9959,1875,59,14,3,2482,131,6085,4579,7107,4,108,1262,1606,104,61,66,170,138,NA,2,NA,4,322,8,16,7,77,59,92,266,40,2458,6957,6537,111,9,NA,NA,84,NA,219,3,1,1074,22,37,10,48,14,2,NA,NA,NA,NA,NA,NA,NA,NA,NA,NA,NA,NA,NA,1,NA,NA,NA,NA,NA,NA,NA,NA,NA,NA,NA,NA,NA,NA,NA,NA,NA,NA,NA,NA,NA,NA,NA,NA,NA,NA,NA,NA,NA,NA,NA,NA,NA,NA,NA,NA,NA,NA,NA,NA,NA,NA
28,"MPI-ESM1-2-HR","ssp245","r2i1p1f1","2001_2020",401,2194,188,20557,11440,3838,1548,43,107,132,3040,340,2554,4911,10211,NA,117,463,3270,43,6,36,19,25,NA,NA,NA,1,167,4,13,NA,41,27,46,20,47,416,8484,5381,36,NA,NA,75,2,NA,427,73,28,1683,28,3,11,58,NA,7,NA,NA,NA,NA,NA,NA,NA,NA,NA,NA,NA,NA,NA,2,NA,NA,NA,NA,NA,NA,NA,NA,NA,NA,NA,NA,NA,NA,NA,NA,NA,NA,NA,NA,NA,NA,NA,NA,NA,NA,NA,NA,NA,NA,NA,NA,NA,NA,NA,NA,NA,NA,NA,NA,NA,NA
29,"MRI-ESM2-0","ssp245","ensembleMean","2001_2020",249,1884,285,19704,12631,1829,1708,52,9,NA,2508,161,1187,8235,11474,18,160,850,3551,49,29,2,9,28,NA,NA,NA,NA,138,11,8,NA,NA,14,12,21,98,149,8622,4726,155,NA,NA,NA,NA,NA,346,36,NA,1576,NA,1,NA,1,NA,NA,NA,NA,NA,NA,NA,NA,NA,NA,NA,NA,NA,1,35,1,NA,NA,NA,NA,NA,NA,NA,NA,NA,NA,NA,NA,NA,NA,NA,NA,NA,NA,NA,NA,NA,NA,NA,NA,NA,NA,NA,NA,NA,NA,NA,NA,NA,NA,NA,NA,NA,NA,NA,NA,NA,NA
30,"MRI-ESM2-0","ssp245","r1i1p1f1","2001_2020",249,1884,285,19704,12631,1829,1708,52,9,NA,2508,161,1187,8235,11474,18,160,850,3551,49,29,2,9,28,NA,NA,NA,NA,138,11,8,NA,NA,14,12,21,98,149,8622,4726,155,NA,NA,NA,NA,NA,346,36,NA,1576,NA,1,NA,1,NA,NA,NA,NA,NA,NA,NA,NA,NA,NA,NA,NA,NA,1,35,1,NA,NA,NA,NA,NA,NA,NA,NA,NA,NA,NA,NA,NA,NA,NA,NA,NA,NA,NA,NA,NA,NA,NA,NA,NA,NA,NA,NA,NA,NA,NA,NA,NA,NA,NA,NA,NA,NA,NA,NA,NA,NA
31,"ensembleMean","ssp245","ensembleMean","2001_2020",319,2305,203,20408,12914,1526,1822,56,15,2,2772,220,1108,7100,10990,17,172,791,4085,77,49,22,28,56,NA,NA,NA,NA,182,20,16,NA,10,29,27,54,62,182,8374,4959,100,1,NA,NA,NA,NA,269,21,NA,1181,3,4,NA,5,NA,NA,NA,NA,NA,NA,NA,NA,NA,NA,NA,NA,NA,NA,4,3,NA,NA,NA,NA,NA,NA,NA,NA,NA,NA,NA,NA,NA,NA,NA,NA,NA,NA,NA,NA,NA,NA,NA,NA,NA,NA,NA,NA,NA,NA,NA,NA,NA,NA,NA,NA,NA,NA,NA,NA,NA,NA
32,"ACCESS-ESM1-5","ssp245","ensembleMean","2021_2040",589,1,37,9849,1483,12782,2124,5,NA,2,3869,61,15625,2636,4748,NA,3,698,28,NA,NA,NA,6,15,NA,NA,1,NA,155,28,465,NA,16,NA,432,11,NA,2236,3488,6277,4,NA,NA,NA,45,87,2773,NA,182,10733,NA,NA,665,25,NA,NA,7,75,22,27,NA,NA,NA,NA,NA,NA,NA,NA,11,NA,NA,NA,NA,NA,NA,NA,NA,NA,237,NA,NA,NA,NA,NA,NA,NA,NA,NA,NA,NA,NA,NA,NA,NA,NA,NA,NA,NA,NA,NA,NA,NA,NA,NA,NA,NA,NA,NA,NA,NA,NA,NA
33,"ACCESS-ESM1-5","ssp245","r10i1p1f1","2021_2040",249,24,19,10662,5130,9253,2349,NA,8,92,5588,15,9469,4669,7689,NA,14,44,62,1,NA,NA,1,12,NA,NA,NA,NA,311,7,404,NA,NA,NA,484,42,8,606,3587,6061,13,NA,NA,NA,3,731,4123,NA,128,9937,NA,NA,618,9,NA,NA,NA,25,5,8,NA,NA,NA,NA,NA,NA,NA,NA,2,NA,NA,NA,NA,NA,NA,NA,NA,NA,101,NA,NA,NA,NA,NA,NA,NA,NA,NA,NA,NA,NA,NA,NA,NA,NA,NA,NA,NA,NA,NA,NA,NA,NA,NA,NA,NA,NA,NA,NA,NA,NA,NA
34,"ACCESS-ESM1-5","ssp245","r1i1p1f1","2021_2040",662,2,30,8614,999,13603,2450,1,25,64,4419,2,16924,1111,4010,NA,NA,12,37,4,NA,NA,NA,3,NA,NA,NA,NA,61,NA,616,NA,65,NA,556,NA,NA,2536,2466,7970,8,NA,NA,NA,146,520,2809,NA,401,9625,NA,NA,993,22,NA,NA,82,191,32,66,NA,6,NA,1,NA,NA,NA,NA,9,NA,NA,NA,NA,NA,NA,NA,NA,NA,406,4,NA,NA,NA,NA,NA,NA,NA,NA,NA,NA,NA,NA,NA,NA,NA,NA,NA,NA,NA,NA,NA,NA,NA,NA,NA,NA,NA,NA,NA,NA,NA,NA
35,"ACCESS-ESM1-5","ssp245","r2i1p1f1","2021_2040",720,7,163,7553,897,15496,2092,65,NA,NA,3045,47,17568,1589,1686,NA,2,2184,18,NA,7,2,39,34,NA,1,1,NA,232,104,306,NA,66,NA,356,1,NA,4403,1718,7048,429,NA,NA,NA,328,NA,1610,NA,50,11446,NA,1,576,23,89,NA,1,85,11,39,NA,NA,1,NA,NA,NA,NA,NA,32,NA,4,NA,NA,NA,NA,NA,NA,NA,339,NA,49,NA,NA,NA,NA,NA,NA,NA,NA,NA,NA,NA,NA,NA,NA,NA,NA,NA,NA,NA,NA,NA,NA,NA,NA,NA,NA,NA,NA,NA,NA,NA
36,"CNRM-ESM2-1","ssp245","ensembleMean","2021_2040",149,362,79,17649,12567,3223,1498,106,4,NA,2895,148,2550,8812,11381,8,74,607,876,2,16,4,2,6,NA,NA,NA,NA,317,16,35,NA,NA,NA,30,12,52,156,8461,4136,22,NA,NA,NA,NA,NA,999,129,48,5078,1,NA,48,2,NA,NA,NA,NA,NA,NA,NA,NA,NA,NA,NA,NA,NA,NA,2,NA,1,NA,NA,NA,NA,NA,NA,NA,NA,NA,NA,NA,NA,NA,NA,NA,NA,NA,NA,NA,NA,NA,NA,NA,NA,NA,NA,NA,NA,NA,NA,NA,NA,NA,NA,NA,NA,NA,NA,NA,NA,NA
37,"CNRM-ESM2-1","ssp245","r1i1p1f2","2021_2040",361,249,31,15959,5929,10684,1585,79,13,NA,2999,29,8725,5307,6355,NA,7,963,158,73,21,6,31,38,NA,NA,NA,NA,305,111,157,NA,NA,NA,94,240,31,3004,6388,4976,NA,NA,NA,NA,221,NA,883,9,34,6088,17,1,293,102,NA,NA,NA,NA,NA,3,NA,NA,4,NA,NA,NA,NA,NA,NA,NA,NA,NA,NA,NA,NA,NA,NA,NA,NA,NA,NA,NA,NA,NA,NA,NA,NA,NA,NA,NA,NA,NA,NA,NA,NA,NA,NA,NA,NA,NA,NA,NA,NA,NA,NA,NA,NA,NA,NA,NA,NA,NA
38,"CNRM-ESM2-1","ssp245","r2i1p1f2","2021_2040",207,990,83,17672,15720,560,1856,50,3,NA,3673,36,616,7264,12252,NA,137,484,2906,2,9,12,7,29,NA,NA,NA,NA,295,7,6,NA,5,NA,38,NA,66,NA,8097,4713,59,NA,NA,NA,NA,NA,542,127,24,3832,NA,NA,65,76,NA,NA,NA,NA,NA,NA,NA,NA,NA,NA,NA,3,NA,2,29,NA,NA,NA,NA,NA,NA,NA,NA,NA,NA,NA,NA,1,8,NA,NA,NA,NA,NA,NA,NA,NA,NA,NA,NA,NA,NA,NA,NA,NA,NA,NA,NA,NA,NA,NA,NA,NA,NA,NA,NA,NA,NA
39,"CNRM-ESM2-1","ssp245","r3i1p1f2","2021_2040",89,613,163,18869,12564,680,1543,83,16,3,2346,239,1262,9394,11297,3,76,494,2402,102,3,NA,NA,NA,NA,NA,NA,NA,25,9,NA,NA,NA,NA,25,NA,22,53,9572,4194,48,NA,NA,32,NA,NA,1066,881,164,4228,NA,NA,3,NA,NA,NA,NA,NA,NA,NA,NA,NA,NA,NA,NA,NA,NA,NA,NA,NA,NA,NA,NA,NA,NA,NA,NA,NA,NA,NA,NA,NA,NA,NA,NA,NA,NA,NA,NA,NA,NA,NA,NA,NA,NA,NA,NA,NA,NA,NA,NA,NA,NA,NA,NA,NA,NA,NA,NA,NA,NA,NA
40,"EC-Earth3","ssp245","ensembleMean","2021_2040",61,186,83,15813,12744,2121,1621,81,NA,NA,3029,31,1627,10986,12428,1,91,488,426,NA,9,NA,1,6,NA,NA,NA,NA,361,8,44,NA,NA,NA,52,1,47,13,8096,4091,46,NA,NA,NA,NA,NA,1342,262,72,6110,NA,NA,77,4,NA,NA,NA,NA,NA,NA,NA,NA,NA,NA,NA,2,NA,NA,59,NA,43,NA,NA,NA,NA,NA,NA,NA,NA,NA,NA,NA,NA,NA,NA,NA,NA,NA,NA,NA,NA,NA,NA,NA,NA,NA,NA,NA,NA,NA,NA,NA,NA,NA,NA,NA,NA,NA,NA,NA,NA,NA
41,"EC-Earth3","ssp245","r15i1p1f1","2021_2040",311,529,525,16869,8743,6098,1277,212,NA,NA,1307,346,5483,9168,10016,65,59,1696,860,12,9,NA,NA,9,NA,NA,NA,3,2,2,1,NA,NA,NA,5,1,7,856,8365,5196,324,NA,NA,NA,1,NA,766,57,87,3287,NA,NA,NA,NA,NA,NA,NA,NA,NA,NA,NA,NA,NA,NA,NA,NA,NA,NA,9,NA,NA,NA,NA,NA,NA,NA,NA,NA,NA,NA,NA,NA,NA,NA,NA,NA,NA,NA,NA,NA,NA,NA,NA,NA,NA,NA,NA,NA,NA,NA,NA,NA,NA,NA,NA,NA,NA,NA,NA,NA,NA,NA
42,"EC-Earth3","ssp245","r1i1p1f1","2021_2040",49,133,56,14684,15186,127,1476,78,NA,NA,3136,3,71,12611,12921,NA,62,337,586,NA,1,NA,NA,3,NA,NA,NA,NA,443,2,27,NA,NA,NA,77,NA,87,NA,7961,3990,9,NA,NA,NA,NA,NA,1363,684,11,6056,NA,NA,91,12,NA,NA,NA,NA,NA,NA,NA,NA,NA,NA,NA,7,NA,NA,95,NA,86,NA,NA,NA,NA,NA,NA,NA,NA,NA,NA,NA,28,12,2,NA,NA,NA,NA,NA,NA,NA,NA,NA,NA,NA,NA,NA,NA,NA,NA,NA,NA,NA,NA,NA,NA,NA,NA,NA,NA,NA
43,"EC-Earth3","ssp245","r4i1p1f1","2021_2040",116,75,29,15699,5546,8028,1603,103,1,5,3047,197,7849,6429,8067,NA,65,590,58,3,5,1,1,6,NA,NA,NA,NA,228,14,48,NA,NA,NA,49,12,17,1458,7682,4460,1,NA,NA,NA,37,NA,3046,219,252,7445,NA,NA,70,1,NA,NA,NA,NA,NA,NA,NA,NA,NA,NA,NA,NA,NA,NA,1,NA,NA,NA,NA,NA,NA,NA,NA,NA,NA,NA,NA,NA,NA,NA,NA,NA,NA,NA,NA,NA,NA,NA,NA,NA,NA,NA,NA,NA,NA,NA,NA,NA,NA,NA,NA,NA,NA,NA,NA,NA,NA,NA
44,"GFDL-ESM4","ssp245","ensembleMean","2021_2040",235,253,71,17623,7990,5335,1410,92,15,56,2496,343,4672,7344,9373,6,76,897,568,89,2,NA,2,NA,NA,NA,NA,NA,92,17,2,NA,NA,NA,40,17,30,523,8412,4872,31,NA,NA,NA,8,NA,2222,359,359,6614,NA,NA,17,NA,NA,NA,NA,NA,NA,NA,NA,NA,NA,NA,NA,NA,NA,NA,NA,NA,NA,NA,NA,NA,NA,NA,NA,NA,NA,NA,NA,NA,NA,NA,NA,NA,NA,NA,NA,NA,NA,NA,NA,NA,NA,NA,NA,NA,NA,NA,NA,NA,NA,NA,NA,NA,NA,NA,NA,NA,NA,NA
45,"GFDL-ESM4","ssp245","r1i1p1f1","2021_2040",211,345,64,17626,12087,3201,1705,110,12,9,3036,182,2250,7425,10482,16,72,765,872,55,13,4,9,7,NA,NA,NA,NA,257,33,11,NA,NA,NA,44,24,70,256,8100,4698,26,NA,NA,11,1,NA,1320,445,95,6594,NA,2,15,3,NA,NA,NA,NA,NA,NA,NA,NA,NA,NA,NA,NA,NA,NA,NA,NA,NA,NA,NA,NA,NA,NA,NA,NA,NA,NA,NA,NA,NA,NA,NA,NA,NA,NA,NA,NA,NA,NA,NA,NA,NA,NA,NA,NA,NA,NA,NA,NA,NA,NA,NA,NA,NA,NA,NA,NA,NA,NA
46,"GFDL-ESM4","ssp245","r2i1p1f1","2021_2040",228,663,146,18112,10205,3999,1656,62,59,203,2792,530,3128,6902,10129,1,176,855,1546,120,2,3,1,4,NA,NA,NA,NA,57,NA,2,NA,NA,5,32,25,30,382,8063,5439,39,NA,NA,4,5,NA,1270,157,256,5258,NA,1,11,5,NA,NA,NA,NA,NA,NA,NA,NA,NA,NA,NA,NA,NA,NA,NA,NA,NA,NA,NA,NA,NA,NA,NA,NA,NA,NA,NA,NA,NA,NA,NA,NA,NA,NA,NA,NA,NA,NA,NA,NA,NA,NA,NA,NA,NA,NA,NA,NA,NA,NA,NA,NA,NA,NA,NA,NA,NA,NA
47,"GFDL-ESM4","ssp245","r3i1p1f1","2021_2040",305,60,134,16554,3722,7927,982,131,1,62,1600,402,9481,5930,5612,1,25,1021,189,186,1,NA,NA,NA,NA,NA,NA,NA,11,3,1,NA,NA,NA,39,2,10,3261,7476,4672,157,NA,NA,NA,243,1,4520,253,748,6816,NA,NA,18,NA,NA,NA,NA,NA,4,NA,NA,1,NA,NA,NA,NA,NA,NA,NA,NA,NA,NA,NA,NA,NA,NA,NA,NA,1,NA,NA,NA,NA,NA,NA,NA,NA,NA,NA,NA,NA,NA,NA,NA,NA,NA,NA,NA,NA,NA,NA,NA,NA,NA,NA,NA,NA,NA,NA,NA,NA,NA
48,"GISS-E2-1-G","ssp245","ensembleMean","2021_2040",137,324,790,12628,14328,90,1769,82,8,NA,1743,520,128,13971,11946,160,252,1898,1333,87,NA,NA,NA,NA,NA,NA,NA,NA,1,NA,1,NA,NA,NA,23,NA,1,1,7234,5798,765,NA,NA,NA,NA,NA,1052,442,9,4964,NA,NA,NA,NA,NA,NA,NA,NA,NA,NA,NA,NA,NA,NA,NA,NA,NA,NA,72,NA,1,NA,NA,NA,5,NA,NA,NA,NA,NA,NA,NA,NA,NA,NA,NA,NA,NA,NA,NA,NA,NA,NA,NA,NA,NA,NA,NA,NA,NA,NA,NA,NA,NA,NA,NA,NA,NA,NA,NA,NA,NA
49,"GISS-E2-1-G","ssp245","r1i1p3f1","2021_2040",416,163,78,12670,9851,3899,1637,80,NA,75,2822,661,5060,8603,10033,NA,159,1336,427,12,NA,NA,NA,2,NA,NA,NA,NA,57,NA,NA,NA,NA,NA,48,20,2,374,6741,6905,100,NA,NA,NA,NA,NA,2916,82,461,6815,NA,NA,49,NA,NA,NA,NA,NA,3,NA,NA,NA,NA,NA,NA,NA,NA,NA,2,NA,NA,NA,NA,NA,NA,NA,NA,NA,4,NA,NA,NA,NA,NA,NA,NA,NA,NA,NA,NA,NA,NA,NA,NA,NA,NA,NA,NA,NA,NA,NA,NA,NA,NA,NA,NA,NA,NA,NA,NA,NA,NA
50,"GISS-E2-1-G","ssp245","r2i1p3f1","2021_2040",55,91,526,15321,14422,74,1325,99,1,NA,1585,394,368,14674,12081,61,173,1221,390,3,2,NA,NA,NA,NA,NA,NA,NA,25,2,1,NA,NA,NA,22,NA,11,22,8184,4502,379,NA,NA,NA,NA,NA,1082,470,4,4926,NA,NA,NA,NA,NA,NA,NA,NA,NA,NA,NA,NA,NA,NA,NA,NA,NA,NA,63,NA,2,NA,NA,NA,2,NA,NA,NA,NA,NA,NA,NA,NA,NA,NA,NA,NA,NA,NA,NA,NA,NA,NA,NA,NA,NA,NA,NA,NA,NA,NA,NA,NA,NA,NA,NA,NA,NA,NA,NA,NA,NA
51,"GISS-E2-1-G","ssp245","r3i1p3f1","2021_2040",619,1882,4063,7560,13287,4,2350,64,11,NA,941,161,20,13998,12889,474,327,2819,3980,61,NA,NA,NA,NA,NA,NA,NA,NA,NA,NA,NA,NA,1,NA,5,NA,NA,NA,6405,5747,2537,NA,NA,NA,NA,NA,89,83,NA,1926,NA,NA,NA,NA,NA,NA,NA,NA,NA,NA,NA,NA,NA,NA,NA,2,NA,30,202,NA,10,NA,NA,NA,9,NA,NA,NA,NA,NA,NA,NA,NA,NA,7,NA,NA,NA,NA,NA,NA,NA,NA,NA,NA,NA,NA,NA,NA,NA,NA,NA,NA,NA,NA,NA,NA,NA,NA,NA,NA,NA
52,"MIROC6","ssp245","ensembleMean","2021_2040",113,97,92,16703,8645,2900,1259,89,2,7,2377,357,2668,11566,10134,7,129,735,244,30,1,NA,1,NA,NA,NA,NA,NA,111,14,5,NA,NA,NA,39,NA,20,320,8454,4280,39,NA,NA,NA,2,1,3653,307,176,6971,NA,NA,15,NA,NA,NA,NA,NA,NA,NA,NA,NA,NA,NA,NA,NA,NA,NA,NA,NA,NA,NA,NA,NA,NA,NA,NA,NA,NA,NA,NA,NA,NA,NA,NA,NA,NA,NA,NA,NA,NA,NA,NA,NA,NA,NA,NA,NA,NA,NA,NA,NA,NA,NA,NA,NA,NA,NA,NA,NA,NA,NA
53,"MIROC6","ssp245","r1i1p1f1","2021_2040",78,498,585,16403,13066,21,1604,60,24,NA,1518,392,58,13389,12114,137,240,1322,1971,314,NA,NA,NA,NA,NA,NA,NA,NA,12,NA,NA,NA,NA,NA,10,NA,32,NA,8403,4283,497,NA,NA,NA,NA,NA,732,498,NA,4238,NA,NA,NA,NA,NA,NA,NA,NA,NA,NA,NA,NA,NA,NA,NA,NA,NA,NA,39,NA,NA,NA,NA,NA,25,NA,NA,NA,NA,NA,NA,NA,NA,NA,NA,NA,NA,NA,NA,NA,NA,NA,NA,NA,NA,NA,NA,NA,NA,NA,NA,NA,NA,NA,NA,NA,NA,NA,NA,NA,NA,NA
54,"MIROC6","ssp245","r2i1p1f1","2021_2040",152,2,26,14293,1553,10928,1231,110,1,84,2339,125,13087,2937,2984,NA,10,624,80,145,NA,NA,NA,4,NA,NA,NA,NA,109,18,25,NA,NA,NA,101,17,12,5465,5184,4599,9,NA,NA,NA,1132,NA,5347,105,728,8919,NA,NA,63,NA,NA,NA,NA,2,12,NA,NA,NA,NA,NA,NA,NA,NA,NA,NA,NA,NA,NA,NA,NA,NA,NA,NA,NA,1,NA,NA,NA,NA,NA,NA,NA,NA,NA,NA,NA,NA,NA,NA,NA,NA,NA,NA,NA,NA,NA,NA,NA,NA,NA,NA,NA,NA,NA,NA,NA,NA,NA
55,"MPI-ESM1-2-HR","ssp245","ensembleMean","2021_2040",332,353,86,16958,10078,6720,1720,51,1,3,3369,165,3816,6519,11247,NA,173,656,301,1,1,15,8,38,NA,NA,NA,NA,286,5,33,NA,NA,8,60,62,25,350,7268,5221,29,NA,NA,NA,2,NA,903,23,27,5474,3,NA,129,32,NA,NA,NA,NA,NA,NA,NA,NA,NA,NA,NA,NA,NA,NA,12,NA,NA,NA,NA,NA,NA,NA,NA,NA,NA,NA,NA,NA,NA,NA,NA,NA,NA,NA,NA,NA,NA,NA,NA,NA,NA,NA,NA,NA,NA,NA,NA,NA,NA,NA,NA,NA,NA,NA,NA,NA,NA,NA
56,"MPI-ESM1-2-HR","ssp245","r1i1p1f1","2021_2040",839,1207,120,15727,13745,3242,2087,23,3,14,3677,222,1357,7025,12093,NA,215,726,1637,26,NA,37,8,27,NA,NA,1,1,143,NA,16,26,77,10,113,33,4,156,6458,6622,171,NA,NA,NA,NA,NA,574,21,8,3837,5,NA,145,65,NA,9,1,NA,NA,NA,NA,NA,NA,NA,NA,NA,NA,NA,10,NA,NA,NA,NA,NA,NA,NA,NA,NA,NA,NA,NA,NA,NA,NA,NA,NA,NA,NA,NA,NA,NA,NA,NA,NA,NA,NA,NA,NA,NA,NA,NA,NA,NA,NA,NA,NA,NA,NA,NA,NA,NA,NA
57,"MPI-ESM1-2-HR","ssp245","r2i1p1f1","2021_2040",135,58,80,17211,6105,10007,1566,74,4,NA,3103,125,7350,5087,9361,7,133,671,31,5,4,7,4,9,NA,NA,NA,NA,401,11,40,NA,NA,NA,41,8,49,852,7383,4517,8,NA,NA,NA,32,NA,1507,20,58,6383,2,1,93,7,NA,NA,NA,NA,NA,NA,NA,NA,NA,NA,NA,NA,NA,NA,9,NA,4,NA,NA,NA,NA,NA,NA,NA,NA,NA,NA,NA,NA,NA,NA,NA,NA,NA,NA,NA,NA,NA,NA,NA,NA,NA,NA,NA,NA,NA,NA,NA,NA,NA,NA,NA,NA,NA,NA,NA,NA,NA
58,"MRI-ESM2-0","ssp245","ensembleMean","2021_2040",198,28,40,13621,3589,10226,1299,47,NA,NA,2644,28,8905,6797,9034,1,24,708,10,NA,NA,NA,6,8,NA,NA,NA,NA,450,9,179,NA,NA,NA,77,7,12,1178,6555,4360,40,NA,NA,NA,NA,NA,2868,57,185,8694,NA,NA,291,5,NA,NA,NA,NA,NA,18,NA,NA,NA,NA,NA,NA,NA,NA,112,NA,222,NA,NA,NA,NA,NA,NA,NA,13,NA,NA,NA,NA,15,NA,1,2,NA,NA,NA,NA,NA,NA,NA,NA,NA,NA,NA,NA,NA,NA,NA,NA,NA,NA,NA,NA,NA,NA,NA,NA,NA
59,"MRI-ESM2-0","ssp245","r1i1p1f1","2021_2040",198,28,40,13621,3589,10226,1299,47,NA,NA,2644,28,8905,6797,9034,1,24,708,10,NA,NA,NA,6,8,NA,NA,NA,NA,450,9,179,NA,NA,NA,77,7,12,1178,6555,4360,40,NA,NA,NA,NA,NA,2868,57,185,8694,NA,NA,291,5,NA,NA,NA,NA,NA,18,NA,NA,NA,NA,NA,NA,NA,NA,112,NA,222,NA,NA,NA,NA,NA,NA,NA,13,NA,NA,NA,NA,15,NA,1,2,NA,NA,NA,NA,NA,NA,NA,NA,NA,NA,NA,NA,NA,NA,NA,NA,NA,NA,NA,NA,NA,NA,NA,NA,NA
60,"ensembleMean","ssp245","ensembleMean","2021_2040",130,184,52,15373,9651,4563,1575,72,5,NA,3114,210,3479,9404,10993,4,111,810,235,1,2,1,3,6,NA,NA,NA,NA,288,7,35,NA,NA,NA,40,9,20,226,7350,4894,53,NA,NA,NA,NA,NA,2132,117,144,7184,NA,NA,68,NA,NA,NA,NA,NA,NA,NA,NA,NA,NA,NA,NA,NA,NA,NA,17,NA,1,NA,NA,NA,NA,NA,NA,NA,NA,NA,NA,NA,NA,NA,NA,NA,NA,NA,NA,NA,NA,NA,NA,NA,NA,NA,NA,NA,NA,NA,NA,NA,NA,NA,NA,NA,NA,NA,NA,NA,NA,NA
61,"ACCESS-ESM1-5","ssp245","ensembleMean","2041_2060",178,NA,12,3112,4,16363,1469,NA,NA,NA,3195,5,21234,56,570,NA,NA,440,39,3,NA,NA,NA,NA,NA,NA,NA,NA,17,4,275,NA,27,NA,673,NA,1,4440,1395,5734,3,NA,NA,NA,1929,2178,1829,NA,91,11558,NA,NA,775,NA,135,46,91,541,66,4,NA,6,NA,NA,NA,NA,NA,NA,NA,NA,NA,NA,NA,NA,NA,NA,NA,NA,4022,9,20,NA,NA,NA,NA,NA,NA,1,9,2,2,NA,NA,NA,NA,NA,NA,NA,NA,NA,NA,NA,NA,NA,NA,NA,NA,NA,NA,NA,NA,NA
62,"ACCESS-ESM1-5","ssp245","r10i1p1f1","2041_2060",142,NA,40,3891,1047,12778,2684,1,2,2,3859,214,12031,8100,5588,NA,197,1420,62,198,NA,NA,NA,NA,NA,NA,NA,NA,309,NA,23,NA,1,NA,536,NA,NA,595,1817,7429,180,NA,NA,NA,4,2730,4085,NA,182,9382,NA,NA,146,NA,NA,NA,NA,359,25,NA,NA,NA,NA,NA,NA,NA,NA,NA,20,NA,10,NA,NA,NA,NA,NA,NA,NA,2474,NA,NA,NA,NA,NA,NA,NA,NA,NA,NA,NA,NA,NA,NA,NA,NA,NA,NA,NA,NA,NA,NA,NA,NA,NA,NA,NA,NA,NA,NA,NA,NA,NA
63,"ACCESS-ESM1-5","ssp245","r1i1p1f1","2041_2060",90,NA,10,1726,NA,17490,1317,NA,NA,NA,2722,2,19920,17,192,NA,NA,456,27,13,NA,NA,NA,NA,NA,NA,4,NA,23,1,113,NA,7,NA,560,NA,5,5347,697,5477,47,NA,NA,NA,3011,3839,1716,NA,56,9912,NA,NA,376,NA,226,128,132,454,107,NA,NA,18,NA,NA,NA,NA,NA,NA,NA,NA,NA,NA,NA,NA,NA,NA,NA,NA,6208,29,35,NA,NA,NA,NA,NA,NA,1,25,8,NA,19,NA,NA,NA,NA,NA,NA,NA,NA,NA,NA,NA,NA,NA,NA,NA,NA,NA,NA,NA,NA
64,"ACCESS-ESM1-5","ssp245","r2i1p1f1","2041_2060",46,NA,10,1530,NA,16889,1022,NA,NA,NA,2595,2,20934,4,111,NA,NA,171,24,6,NA,NA,NA,NA,NA,NA,NA,NA,10,1,145,NA,13,NA,683,NA,3,5434,1209,2685,NA,NA,NA,NA,5901,3348,2413,NA,136,9271,NA,NA,421,NA,163,174,207,943,190,NA,NA,115,NA,NA,NA,NA,NA,NA,NA,NA,NA,NA,NA,NA,NA,NA,NA,NA,5634,58,NA,NA,NA,NA,NA,NA,NA,2,54,5,NA,1,NA,NA,NA,NA,NA,NA,NA,NA,NA,NA,NA,NA,NA,NA,NA,NA,NA,NA,NA,NA
65,"CNRM-ESM2-1","ssp245","ensembleMean","2041_2060",57,148,82,13767,12347,1622,1329,107,NA,NA,2503,152,1422,13179,12726,5,114,966,241,NA,NA,NA,4,1,NA,NA,NA,NA,269,7,14,NA,NA,NA,59,1,9,45,7403,4403,102,NA,NA,NA,NA,NA,2251,241,78,6703,NA,NA,52,NA,NA,NA,NA,NA,NA,NA,NA,NA,NA,NA,NA,NA,NA,NA,87,NA,64,NA,NA,NA,NA,NA,NA,NA,1,NA,NA,NA,NA,2,NA,NA,NA,NA,NA,NA,NA,NA,NA,NA,NA,NA,NA,NA,NA,NA,NA,NA,NA,NA,NA,NA,NA,NA,NA,NA,NA,NA
66,"CNRM-ESM2-1","ssp245","r1i1p1f2","2041_2060",120,162,30,14968,9533,4168,1300,86,2,6,2919,155,3929,9994,11783,NA,61,456,245,NA,NA,NA,1,4,NA,NA,NA,NA,305,10,82,NA,NA,NA,56,6,14,152,8163,4333,2,NA,NA,NA,NA,NA,2364,200,237,6557,NA,NA,133,2,NA,NA,NA,NA,NA,NA,NA,NA,NA,NA,NA,NA,NA,NA,19,NA,6,NA,NA,NA,NA,NA,NA,NA,NA,NA,NA,NA,NA,NA,NA,NA,NA,NA,NA,NA,NA,NA,NA,NA,NA,NA,NA,NA,NA,NA,NA,NA,NA,NA,NA,NA,NA,NA,NA,NA,NA,NA
67,"CNRM-ESM2-1","ssp245","r2i1p1f2","2041_2060",560,238,222,14588,12562,3414,1236,98,NA,NA,2310,88,1619,12210,12855,8,76,1377,461,NA,11,NA,10,27,NA,NA,NA,NA,368,25,80,NA,NA,1,40,12,7,142,7356,4769,232,NA,NA,NA,NA,NA,716,56,6,4306,1,NA,204,10,NA,NA,NA,NA,NA,6,NA,NA,NA,NA,NA,NA,NA,NA,199,NA,52,NA,NA,NA,NA,NA,NA,NA,NA,NA,NA,NA,NA,5,NA,NA,NA,NA,NA,NA,NA,NA,NA,NA,NA,NA,NA,NA,NA,NA,NA,NA,NA,NA,NA,NA,NA,NA,NA,NA,NA,NA
68,"CNRM-ESM2-1","ssp245","r3i1p1f2","2041_2060",38,220,335,13534,15096,208,1354,124,2,NA,1675,108,129,14351,12941,62,215,1573,746,NA,NA,NA,3,1,NA,NA,NA,NA,140,5,NA,NA,NA,NA,52,NA,25,2,7579,4113,345,NA,NA,NA,NA,NA,1106,408,3,5836,NA,NA,22,1,NA,NA,NA,NA,NA,NA,NA,NA,NA,NA,NA,NA,NA,NA,128,NA,69,NA,NA,NA,9,NA,NA,NA,NA,NA,NA,NA,NA,NA,5,NA,NA,NA,NA,NA,NA,NA,NA,NA,NA,NA,NA,NA,NA,NA,NA,NA,NA,NA,NA,NA,NA,NA,NA,NA,NA,NA
69,"EC-Earth3","ssp245","ensembleMean","2041_2060",5,11,3,10658,11584,500,1267,58,NA,NA,2959,1,612,16120,12928,NA,37,226,183,NA,NA,NA,NA,NA,NA,NA,NA,NA,346,NA,22,NA,NA,NA,157,NA,12,NA,7608,3633,3,NA,NA,NA,NA,256,4092,1139,162,7474,NA,NA,48,5,NA,NA,NA,NA,NA,5,NA,NA,NA,NA,NA,1,NA,NA,55,NA,254,NA,NA,NA,NA,NA,NA,2,50,NA,NA,NA,42,6,38,NA,1,NA,NA,NA,NA,NA,NA,NA,NA,NA,NA,NA,NA,NA,NA,NA,NA,NA,NA,NA,NA,NA,NA,NA,NA,NA
70,"EC-Earth3","ssp245","r15i1p1f1","2041_2060",15,59,35,12502,12189,1170,1234,79,NA,NA,2611,1,528,15100,13197,NA,74,421,212,NA,NA,NA,NA,NA,NA,NA,NA,NA,335,NA,2,NA,NA,NA,89,NA,41,NA,7788,3771,29,NA,NA,NA,NA,7,2438,703,74,7416,NA,NA,52,2,NA,NA,NA,NA,NA,NA,NA,NA,NA,NA,NA,1,NA,NA,89,NA,206,NA,NA,NA,NA,NA,NA,NA,2,NA,NA,NA,56,10,22,NA,3,NA,NA,NA,NA,NA,NA,NA,NA,NA,NA,NA,NA,NA,NA,NA,NA,NA,NA,NA,NA,NA,NA,NA,NA,NA
71,"EC-Earth3","ssp245","r1i1p1f1","2041_2060",NA,5,8,10679,8179,1033,1392,55,NA,NA,3059,18,690,16821,12409,NA,26,70,101,NA,NA,NA,NA,NA,NA,NA,NA,NA,126,NA,50,NA,NA,NA,159,NA,NA,NA,7993,4024,1,NA,NA,NA,NA,430,6377,1792,439,6329,NA,NA,39,NA,NA,NA,NA,NA,NA,NA,NA,NA,NA,NA,NA,NA,NA,NA,24,NA,57,NA,NA,NA,NA,NA,NA,NA,148,NA,NA,NA,1,NA,29,NA,NA,NA,NA,NA,NA,NA,NA,NA,NA,NA,NA,NA,NA,NA,NA,NA,NA,NA,NA,NA,NA,NA,NA,NA,NA,NA
72,"EC-Earth3","ssp245","r4i1p1f1","2041_2060",27,58,9,10490,13839,22,1250,85,NA,NA,2770,NA,NA,16831,13077,NA,114,693,377,NA,NA,NA,NA,NA,NA,NA,NA,NA,317,NA,NA,NA,NA,NA,118,NA,125,NA,6644,3608,21,NA,NA,NA,NA,424,2081,1208,29,7330,NA,NA,31,17,NA,NA,NA,NA,NA,NA,2,NA,NA,NA,NA,27,NA,NA,265,NA,209,NA,NA,NA,22,NA,NA,15,NA,NA,NA,1,372,NA,55,NA,NA,NA,NA,NA,NA,NA,NA,NA,NA,NA,NA,NA,NA,NA,NA,NA,NA,NA,NA,NA,NA,NA,NA,NA,NA,NA
73,"GFDL-ESM4","ssp245","ensembleMean","2041_2060",105,2,27,15868,2917,6251,923,72,19,113,2350,241,8352,7301,7299,NA,12,171,107,154,NA,NA,NA,NA,NA,NA,NA,NA,196,4,39,NA,NA,NA,124,NA,5,1078,8220,3037,NA,NA,NA,NA,81,415,8428,447,1204,6918,NA,NA,41,NA,NA,NA,NA,NA,6,NA,NA,NA,NA,NA,NA,NA,NA,NA,NA,NA,NA,NA,NA,NA,NA,NA,NA,NA,36,NA,NA,NA,NA,NA,NA,NA,NA,NA,NA,NA,NA,NA,NA,NA,NA,NA,NA,NA,NA,NA,NA,NA,NA,NA,NA,NA,NA,NA,NA,NA,NA,NA
74,"GFDL-ESM4","ssp245","r1i1p1f1","2041_2060",93,2,31,16125,2825,4524,830,73,20,185,2289,197,7026,7940,8238,NA,15,35,164,164,NA,NA,NA,NA,NA,NA,NA,NA,204,1,23,NA,NA,NA,160,NA,5,604,8478,2482,NA,NA,NA,NA,88,796,10127,987,1920,5806,NA,NA,40,NA,NA,NA,NA,NA,NA,NA,NA,NA,NA,NA,NA,NA,NA,NA,NA,NA,NA,NA,NA,NA,NA,NA,NA,NA,66,NA,NA,NA,NA,NA,NA,NA,NA,NA,NA,NA,NA,NA,NA,NA,NA,NA,NA,NA,NA,NA,NA,NA,NA,NA,NA,NA,NA,NA,NA,NA,NA,NA
75,"GFDL-ESM4","ssp245","r2i1p1f1","2041_2060",163,6,26,16059,3701,7683,1019,75,16,39,2440,248,9718,5132,7486,NA,11,342,75,80,NA,NA,1,2,NA,NA,NA,NA,234,3,59,NA,NA,NA,100,1,8,1565,7703,3421,2,NA,NA,NA,89,89,6179,184,854,7604,NA,NA,125,NA,NA,NA,NA,NA,3,5,NA,NA,NA,NA,NA,NA,NA,NA,NA,NA,NA,NA,NA,NA,NA,NA,NA,NA,13,NA,NA,NA,NA,NA,NA,NA,NA,NA,NA,NA,NA,NA,NA,NA,NA,NA,NA,NA,NA,NA,NA,NA,NA,NA,NA,NA,NA,NA,NA,NA,NA,NA
76,"GFDL-ESM4","ssp245","r3i1p1f1","2041_2060",80,NA,21,14920,2235,6490,933,93,2,172,2018,270,8909,8596,5115,NA,13,463,93,187,NA,NA,NA,NA,NA,NA,NA,NA,91,2,4,NA,NA,NA,106,NA,2,2744,7504,3398,30,NA,NA,NA,239,467,8849,242,1227,6911,NA,NA,15,NA,NA,NA,NA,2,9,NA,NA,NA,NA,NA,NA,NA,NA,NA,NA,NA,NA,NA,NA,NA,NA,NA,NA,NA,110,NA,NA,NA,NA,NA,NA,NA,NA,NA,1,NA,NA,NA,NA,NA,NA,NA,NA,NA,NA,NA,NA,NA,NA,NA,NA,NA,NA,NA,NA,NA,NA,NA
77,"GISS-E2-1-G","ssp245","ensembleMean","2041_2060",64,47,1047,9499,10967,139,1258,157,NA,NA,635,558,415,19582,12106,153,280,2454,133,5,NA,NA,NA,NA,NA,NA,NA,NA,NA,NA,NA,NA,NA,NA,41,NA,NA,37,6987,4630,1029,NA,NA,NA,NA,12,3554,614,15,5989,NA,NA,NA,NA,NA,NA,NA,NA,NA,NA,NA,NA,NA,NA,NA,NA,NA,NA,96,NA,23,NA,NA,NA,10,NA,NA,NA,15,NA,NA,NA,NA,NA,12,NA,NA,NA,NA,NA,NA,NA,NA,NA,NA,NA,NA,NA,NA,NA,NA,NA,NA,NA,NA,NA,NA,NA,NA,NA,NA,NA
78,"GISS-E2-1-G","ssp245","r1i1p3f1","2041_2060",14,7,26,12934,9369,26,1326,79,NA,3,2690,180,302,16637,12195,NA,97,230,119,NA,NA,NA,NA,NA,NA,NA,NA,NA,98,1,3,NA,NA,NA,71,NA,NA,1,8222,4395,16,NA,NA,NA,NA,36,5623,1824,117,5817,NA,NA,21,NA,NA,NA,NA,NA,NA,NA,NA,NA,NA,NA,NA,NA,NA,NA,15,NA,7,NA,NA,NA,NA,NA,NA,NA,59,NA,NA,NA,NA,NA,3,NA,NA,NA,NA,NA,NA,NA,NA,NA,NA,NA,NA,NA,NA,NA,NA,NA,NA,NA,NA,NA,NA,NA,NA,NA,NA,NA
79,"GISS-E2-1-G","ssp245","r2i1p3f1","2041_2060",751,63,2365,4891,8580,3610,2253,255,NA,NA,554,814,5270,15882,9559,42,211,4493,109,8,NA,NA,NA,NA,NA,NA,14,NA,NA,NA,NA,NA,NA,NA,53,NA,NA,866,3389,7315,2112,NA,NA,NA,NA,NA,1724,10,17,6969,NA,NA,NA,NA,NA,NA,NA,NA,6,NA,NA,NA,NA,NA,NA,NA,NA,NA,214,NA,NA,NA,NA,NA,NA,NA,NA,NA,90,NA,18,NA,NA,NA,NA,NA,NA,NA,NA,NA,NA,NA,56,NA,NA,NA,NA,NA,NA,NA,NA,NA,NA,NA,NA,NA,NA,NA,NA,NA,NA,NA
80,"GISS-E2-1-G","ssp245","r3i1p3f1","2041_2060",148,53,2595,6219,13404,21,1082,132,NA,NA,104,357,47,21228,12362,571,397,2924,298,NA,NA,NA,NA,NA,NA,NA,NA,NA,NA,NA,NA,NA,NA,NA,22,NA,NA,3,6247,4161,2502,NA,NA,NA,NA,2,1394,699,NA,5268,NA,NA,NA,NA,NA,NA,NA,NA,NA,NA,NA,NA,NA,NA,NA,NA,NA,NA,162,NA,38,NA,NA,NA,35,NA,NA,NA,24,NA,NA,NA,NA,NA,64,NA,NA,NA,NA,NA,NA,NA,NA,NA,NA,NA,NA,NA,NA,NA,NA,NA,NA,NA,NA,NA,NA,NA,NA,NA,NA,NA
81,"MIROC6","ssp245","ensembleMean","2041_2060",48,1,52,14081,4646,4184,1142,113,NA,16,2354,346,4541,11555,9691,1,69,472,86,10,NA,NA,NA,NA,NA,NA,NA,NA,82,5,NA,NA,NA,NA,73,NA,2,282,8518,3824,32,NA,NA,NA,NA,20,7313,738,718,7488,NA,NA,16,NA,NA,NA,NA,NA,NA,NA,NA,NA,NA,NA,NA,NA,NA,NA,NA,NA,2,NA,NA,NA,NA,NA,NA,NA,42,NA,NA,NA,NA,NA,NA,NA,NA,NA,NA,NA,NA,NA,NA,NA,NA,NA,NA,NA,NA,NA,NA,NA,NA,NA,NA,NA,NA,NA,NA,NA,NA,NA
82,"MIROC6","ssp245","r1i1p1f1","2041_2060",5,13,165,14933,9995,42,1042,130,NA,NA,1519,109,276,15509,12423,1,157,851,164,NA,NA,NA,NA,NA,NA,NA,NA,NA,69,NA,NA,NA,NA,NA,34,NA,36,NA,8723,3390,116,NA,NA,NA,NA,11,4170,2366,90,6163,NA,NA,2,NA,NA,NA,NA,NA,NA,NA,NA,NA,NA,NA,NA,1,NA,NA,24,NA,10,NA,NA,NA,22,NA,NA,NA,NA,NA,NA,NA,NA,NA,2,NA,NA,NA,NA,NA,NA,NA,NA,NA,NA,NA,NA,NA,NA,NA,NA,NA,NA,NA,NA,NA,NA,NA,NA,NA,NA,NA
83,"MIROC6","ssp245","r2i1p1f1","2041_2060",62,12,28,11622,633,11074,1037,155,NA,47,1995,117,15793,1589,1482,NA,2,611,64,105,NA,NA,NA,NA,NA,NA,NA,NA,41,1,1,NA,NA,NA,189,5,NA,6642,3780,4005,57,NA,NA,NA,2170,183,7951,71,1738,8969,NA,NA,20,NA,NA,NA,NA,39,21,NA,NA,NA,NA,NA,NA,NA,NA,NA,NA,NA,NA,NA,NA,NA,NA,NA,NA,NA,248,NA,NA,NA,NA,NA,NA,NA,NA,NA,4,NA,NA,NA,NA,NA,NA,NA,NA,NA,NA,NA,NA,NA,NA,NA,NA,NA,NA,NA,NA,NA,NA,NA
84,"MPI-ESM1-2-HR","ssp245","ensembleMean","2041_2060",172,39,39,13812,4927,7496,1327,95,10,20,2171,287,7904,8226,6841,2,88,1073,55,82,NA,NA,1,NA,NA,NA,NA,NA,138,2,5,NA,NA,NA,80,40,8,2491,6850,4973,39,NA,NA,NA,196,NA,4913,37,140,7891,NA,NA,38,NA,NA,NA,NA,NA,5,NA,NA,NA,NA,NA,NA,NA,NA,NA,15,NA,NA,NA,NA,NA,NA,NA,NA,NA,35,NA,NA,NA,NA,NA,NA,NA,NA,NA,NA,NA,NA,NA,NA,NA,NA,NA,NA,NA,NA,NA,NA,NA,NA,NA,NA,NA,NA,NA,NA,NA,NA,NA
85,"MPI-ESM1-2-HR","ssp245","r1i1p1f1","2041_2060",154,63,551,12704,6167,5355,1265,202,NA,3,1094,888,5795,9855,8828,94,88,2326,172,68,NA,NA,NA,NA,NA,NA,NA,NA,1,1,NA,NA,NA,NA,43,1,NA,1158,7108,5513,655,NA,NA,NA,3,NA,4780,159,173,7283,NA,NA,3,NA,NA,NA,NA,NA,NA,NA,NA,NA,NA,NA,NA,NA,NA,NA,6,NA,3,NA,NA,NA,NA,NA,NA,NA,1,NA,NA,NA,NA,NA,NA,NA,NA,NA,NA,NA,NA,NA,NA,NA,NA,NA,NA,NA,NA,NA,NA,NA,NA,NA,NA,NA,NA,NA,NA,NA,NA,NA
86,"MPI-ESM1-2-HR","ssp245","r2i1p1f1","2041_2060",334,5,31,12825,2634,10452,1355,7,39,233,2854,40,11200,5100,4800,NA,8,82,44,9,NA,NA,1,NA,NA,NA,NA,NA,177,26,363,NA,NA,NA,379,46,2,3851,5755,3996,NA,NA,NA,NA,1351,332,6193,NA,79,7329,NA,NA,442,6,NA,NA,1,2,15,8,NA,5,NA,NA,NA,NA,NA,NA,NA,NA,NA,NA,NA,NA,NA,NA,NA,NA,150,NA,NA,NA,NA,NA,NA,NA,NA,NA,2,NA,NA,NA,NA,NA,NA,NA,NA,NA,NA,NA,NA,NA,NA,NA,NA,NA,NA,NA,NA,NA,NA,NA
87,"MRI-ESM2-0","ssp245","ensembleMean","2041_2060",17,7,1490,8321,7903,2667,796,96,NA,NA,269,20,2981,19466,12609,159,353,2003,17,NA,NA,NA,NA,NA,NA,NA,NA,NA,46,NA,NA,NA,NA,NA,26,NA,9,123,6737,2767,1528,NA,NA,NA,NA,NA,3806,97,14,7238,NA,NA,NA,NA,NA,NA,NA,NA,NA,NA,NA,NA,NA,NA,4,NA,NA,NA,278,NA,178,NA,NA,NA,3,NA,NA,4,274,NA,NA,NA,NA,21,228,NA,6,NA,NA,NA,NA,NA,NA,2,NA,NA,NA,NA,NA,NA,NA,NA,NA,NA,NA,NA,NA,NA,NA,NA,NA,NA
88,"MRI-ESM2-0","ssp245","r1i1p1f1","2041_2060",17,7,1490,8321,7903,2667,796,96,NA,NA,269,20,2981,19466,12609,159,353,2003,17,NA,NA,NA,NA,NA,NA,NA,NA,NA,46,NA,NA,NA,NA,NA,26,NA,9,123,6737,2767,1528,NA,NA,NA,NA,NA,3806,97,14,7238,NA,NA,NA,NA,NA,NA,NA,NA,NA,NA,NA,NA,NA,NA,4,NA,NA,NA,278,NA,178,NA,NA,NA,3,NA,NA,4,274,NA,NA,NA,NA,21,228,NA,6,NA,NA,NA,NA,NA,NA,2,NA,NA,NA,NA,NA,NA,NA,NA,NA,NA,NA,NA,NA,NA,NA,NA,NA,NA
89,"ensembleMean","ssp245","ensembleMean","2041_2060",46,2,99,11216,6873,4712,1272,102,NA,NA,2626,270,4842,12301,11044,3,75,877,56,NA,NA,NA,NA,NA,NA,NA,NA,NA,216,3,22,NA,NA,NA,99,NA,4,183,6913,4332,258,NA,NA,NA,NA,5,5253,152,199,8217,NA,NA,42,NA,NA,NA,NA,NA,NA,NA,NA,NA,NA,NA,NA,NA,NA,NA,37,NA,66,NA,NA,NA,NA,NA,NA,NA,145,NA,NA,NA,NA,NA,1,NA,NA,NA,NA,NA,NA,NA,NA,NA,NA,NA,NA,NA,NA,NA,NA,NA,NA,NA,NA,NA,NA,NA,NA,NA,NA,NA
90,"ACCESS-ESM1-5","ssp245","ensembleMean","2061_2080",41,NA,8,2118,NA,16935,1616,NA,NA,NA,3580,16,21170,321,1459,NA,NA,786,29,3,NA,NA,NA,NA,NA,NA,1,NA,23,1,219,NA,NA,NA,642,NA,NA,2770,1504,5600,10,NA,NA,NA,404,3766,2631,NA,169,9604,NA,NA,616,NA,28,NA,NA,389,24,1,NA,NA,NA,NA,NA,NA,NA,NA,NA,NA,1,NA,NA,NA,NA,NA,NA,NA,6028,NA,2,NA,NA,NA,NA,NA,NA,NA,27,4,17,NA,NA,NA,NA,NA,NA,NA,NA,NA,NA,NA,NA,NA,NA,NA,NA,NA,NA,NA,NA,NA
91,"ACCESS-ESM1-5","ssp245","r10i1p1f1","2061_2080",30,1,17,2905,5308,5141,2650,NA,61,151,5320,5,4076,15146,9403,NA,14,113,93,29,NA,NA,NA,NA,NA,NA,NA,NA,538,NA,92,NA,NA,NA,769,NA,3,12,2069,6098,80,NA,NA,NA,NA,9082,8589,4,419,1606,NA,NA,170,NA,NA,NA,NA,144,5,NA,NA,NA,NA,NA,NA,NA,NA,NA,NA,NA,15,NA,NA,NA,NA,NA,NA,NA,2399,NA,NA,NA,NA,NA,2,NA,NA,1,2,NA,NA,NA,NA,NA,1,NA,NA,NA,NA,NA,NA,NA,NA,NA,NA,NA,NA,NA,NA,NA,NA,NA
92,"ACCESS-ESM1-5","ssp245","r1i1p1f1","2061_2080",41,NA,88,2997,194,14405,1524,20,NA,NA,2703,27,20516,2616,3789,1,4,1787,5,NA,NA,NA,NA,NA,NA,NA,NA,NA,101,NA,73,NA,NA,NA,376,NA,NA,1610,2532,4678,442,NA,NA,NA,8,1632,3421,NA,235,10198,NA,NA,230,NA,NA,NA,NA,103,NA,NA,NA,NA,NA,NA,NA,NA,NA,NA,1,NA,203,NA,NA,NA,NA,NA,NA,NA,5916,NA,9,NA,NA,2,NA,NA,NA,NA,1,NA,75,NA,NA,NA,NA,NA,NA,NA,NA,NA,NA,NA,NA,NA,NA,NA,NA,NA,NA,NA,NA,NA
93,"ACCESS-ESM1-5","ssp245","r2i1p1f1","2061_2080",23,NA,19,76,NA,17250,681,NA,NA,NA,1567,NA,16298,NA,NA,NA,NA,1,NA,NA,NA,NA,NA,NA,NA,NA,NA,NA,NA,NA,1,NA,7,NA,677,NA,NA,5763,70,547,NA,NA,NA,NA,7102,10287,194,NA,NA,3558,NA,NA,274,NA,NA,712,369,3322,955,NA,NA,504,NA,41,NA,NA,NA,NA,NA,NA,NA,NA,NA,NA,NA,NA,NA,NA,9313,375,NA,NA,NA,NA,NA,NA,NA,23,88,13,NA,2185,NA,NA,3,3,44,20,14,4,19,34,12,11,43,61,NA,NA,NA,NA,NA,NA
94,"CNRM-ESM2-1","ssp245","ensembleMean","2061_2080",1,4,13,11344,6982,1850,1139,92,NA,NA,2723,17,1532,17045,12010,NA,28,175,63,NA,NA,NA,NA,NA,NA,NA,NA,NA,161,NA,37,NA,NA,NA,110,NA,2,6,8114,3485,11,NA,NA,NA,NA,6,7328,832,198,6836,NA,NA,31,NA,NA,NA,NA,NA,NA,NA,NA,NA,NA,NA,NA,NA,NA,NA,5,NA,128,NA,NA,NA,NA,NA,NA,NA,246,NA,NA,NA,NA,NA,9,NA,NA,NA,NA,NA,NA,NA,NA,NA,NA,NA,NA,NA,NA,NA,NA,NA,NA,NA,NA,NA,NA,NA,NA,NA,NA,NA
95,"CNRM-ESM2-1","ssp245","r1i1p1f2","2061_2080",5,7,16,12053,9029,834,1002,104,NA,NA,2578,1,551,17579,12487,NA,24,235,86,NA,NA,NA,NA,NA,NA,NA,NA,NA,256,NA,28,NA,NA,NA,101,NA,13,NA,7727,3322,22,NA,NA,NA,NA,NA,5679,765,32,7446,NA,NA,46,1,NA,NA,NA,NA,NA,1,NA,NA,NA,NA,NA,NA,NA,NA,NA,NA,355,NA,NA,NA,NA,NA,NA,NA,161,NA,NA,NA,NA,7,NA,6,3,NA,NA,NA,1,NA,NA,NA,NA,NA,NA,NA,NA,NA,NA,NA,NA,NA,NA,NA,NA,NA,NA,NA,NA,NA
96,"CNRM-ESM2-1","ssp245","r2i1p1f2","2061_2080",28,NA,8,11677,1635,10562,919,37,NA,NA,2767,4,16056,4040,3688,NA,NA,320,36,1,NA,NA,NA,NA,NA,NA,NA,NA,126,31,89,NA,NA,NA,272,2,NA,4048,6615,3423,9,NA,NA,NA,147,NA,6549,22,418,8104,NA,NA,97,NA,NA,NA,NA,3,1,1,NA,NA,NA,NA,NA,NA,NA,NA,NA,NA,11,NA,NA,NA,NA,NA,NA,NA,815,NA,NA,NA,NA,NA,NA,NA,NA,NA,2,NA,NA,NA,NA,NA,NA,NA,NA,NA,NA,NA,NA,NA,NA,NA,NA,NA,NA,NA,NA,NA,NA,NA
97,"CNRM-ESM2-1","ssp245","r3i1p1f2","2061_2080",NA,12,98,10642,8411,33,1054,94,NA,NA,2340,67,242,20263,12850,2,115,329,79,NA,NA,NA,NA,NA,NA,NA,NA,NA,103,NA,7,NA,NA,NA,74,NA,NA,NA,8449,3228,112,NA,NA,NA,NA,13,6461,1271,46,5659,NA,NA,13,NA,NA,NA,NA,NA,NA,NA,NA,NA,NA,NA,NA,NA,NA,NA,7,NA,133,NA,NA,NA,1,NA,NA,NA,310,NA,NA,NA,NA,NA,45,NA,NA,NA,NA,NA,NA,NA,NA,NA,NA,NA,NA,NA,NA,NA,NA,NA,NA,NA,NA,NA,NA,NA,NA,NA,NA,NA
98,"EC-Earth3","ssp245","ensembleMean","2061_2080",2,10,85,8149,4624,1149,907,122,NA,NA,2388,3,953,22409,11701,NA,60,119,56,NA,NA,NA,NA,NA,NA,NA,NA,NA,40,NA,2,NA,NA,NA,77,NA,NA,NA,8193,2518,121,NA,NA,NA,NA,334,9113,1407,451,5774,NA,NA,1,NA,NA,NA,NA,NA,NA,NA,NA,NA,NA,NA,NA,NA,NA,NA,NA,NA,355,NA,NA,NA,4,NA,NA,NA,1296,NA,NA,NA,NA,NA,134,NA,NA,NA,NA,NA,6,NA,NA,NA,NA,NA,NA,NA,NA,NA,NA,NA,NA,NA,NA,NA,NA,NA,NA,NA,NA,NA
99,"EC-Earth3","ssp245","r15i1p1f1","2061_2080",2,21,142,8627,3853,303,972,126,NA,NA,2345,53,418,23038,11558,1,99,120,57,NA,NA,NA,NA,NA,NA,NA,NA,NA,12,NA,NA,NA,NA,NA,84,NA,NA,NA,8476,2693,133,NA,NA,NA,NA,825,10757,2072,379,3557,NA,NA,NA,NA,NA,NA,NA,NA,NA,NA,NA,NA,NA,NA,NA,NA,NA,NA,NA,NA,152,NA,NA,NA,1,NA,NA,NA,1575,NA,NA,NA,NA,NA,110,NA,NA,NA,NA,NA,NA,NA,NA,NA,NA,NA,NA,NA,NA,NA,NA,NA,NA,NA,NA,NA,2,NA,NA,NA,NA,NA
100,"EC-Earth3","ssp245","r1i1p1f1","2061_2080",3,11,137,7731,5599,1904,820,142,NA,NA,1994,4,1139,22933,11783,NA,158,375,41,NA,NA,NA,NA,NA,NA,NA,NA,NA,80,NA,NA,NA,NA,NA,22,NA,3,NA,7704,2526,241,NA,NA,NA,NA,78,7938,569,228,6562,NA,NA,NA,NA,NA,NA,NA,NA,NA,NA,NA,NA,NA,NA,NA,NA,NA,NA,15,NA,471,NA,NA,NA,8,NA,NA,1,1098,NA,NA,NA,14,8,207,NA,NA,NA,NA,NA,11,NA,NA,NA,NA,NA,NA,NA,NA,NA,NA,NA,NA,NA,NA,NA,5,NA,NA,NA,NA,NA
101,"EC-Earth3","ssp245","r4i1p1f1","2061_2080",2,14,1,8736,2786,4445,1043,19,NA,NA,2749,40,4407,14786,10915,NA,3,16,53,NA,NA,NA,NA,NA,NA,NA,NA,NA,28,NA,28,NA,NA,NA,229,NA,NA,28,8168,2824,NA,NA,NA,NA,NA,1538,10759,1245,1352,5136,NA,NA,41,NA,NA,NA,NA,NA,NA,NA,NA,NA,NA,NA,NA,NA,NA,NA,NA,NA,204,NA,NA,NA,NA,NA,NA,NA,959,NA,NA,NA,NA,NA,9,NA,NA,NA,NA,NA,NA,NA,NA,NA,NA,NA,NA,NA,NA,NA,NA,NA,NA,NA,NA,NA,NA,NA,NA,NA,NA,NA
102,"GFDL-ESM4","ssp245","ensembleMean","2061_2080",59,NA,22,13436,3383,7375,1191,119,2,29,2706,245,8260,7286,8138,3,29,452,71,47,NA,NA,NA,NA,NA,NA,NA,NA,212,6,24,NA,NA,NA,124,3,7,773,7404,3836,18,NA,NA,NA,27,243,7831,217,863,7965,NA,NA,41,NA,NA,NA,NA,NA,NA,NA,NA,NA,NA,NA,NA,NA,NA,NA,1,NA,2,NA,NA,NA,NA,NA,NA,NA,113,NA,NA,NA,NA,NA,NA,NA,NA,NA,NA,NA,NA,NA,NA,NA,NA,NA,NA,NA,NA,NA,NA,NA,NA,NA,NA,NA,NA,NA,NA,NA,NA,NA
103,"GFDL-ESM4","ssp245","r1i1p1f1","2061_2080",152,NA,22,14331,3240,8770,1277,71,15,95,3068,205,10011,4385,7330,NA,14,227,82,60,NA,NA,NA,NA,NA,NA,NA,NA,245,2,73,NA,NA,NA,189,2,13,1169,7136,4005,NA,NA,NA,NA,46,257,6314,132,1047,8476,NA,NA,92,NA,NA,NA,NA,NA,NA,NA,NA,NA,NA,NA,NA,NA,NA,NA,NA,NA,NA,NA,NA,NA,NA,NA,NA,NA,10,NA,NA,NA,NA,NA,NA,NA,NA,NA,NA,NA,NA,NA,NA,NA,NA,NA,NA,NA,NA,NA,NA,NA,NA,NA,NA,NA,NA,NA,NA,NA,NA,NA
104,"GFDL-ESM4","ssp245","r2i1p1f1","2061_2080",74,NA,25,13192,3709,8163,1320,70,3,34,3089,225,9611,5925,8191,NA,28,298,54,10,NA,NA,NA,NA,NA,NA,NA,NA,241,1,72,NA,NA,NA,140,2,8,738,7114,4053,NA,NA,NA,NA,7,244,6654,98,776,8184,NA,NA,68,NA,NA,NA,NA,NA,NA,NA,NA,NA,NA,NA,NA,NA,NA,NA,1,NA,1,NA,NA,NA,NA,NA,NA,NA,140,NA,NA,NA,NA,NA,NA,NA,NA,NA,NA,NA,NA,NA,NA,NA,NA,NA,NA,NA,NA,NA,NA,NA,NA,NA,NA,NA,NA,NA,NA,NA,NA,NA
105,"GFDL-ESM4","ssp245","r3i1p1f1","2061_2080",25,8,306,12044,3286,4580,1034,239,NA,10,1685,384,6145,11940,8161,65,8,1102,64,48,NA,NA,NA,NA,NA,NA,NA,NA,60,2,NA,NA,NA,NA,74,NA,1,887,7413,3637,221,NA,NA,NA,94,283,10143,494,651,7218,NA,NA,NA,NA,NA,NA,NA,NA,NA,NA,NA,NA,NA,NA,NA,NA,NA,NA,NA,NA,20,NA,NA,NA,NA,NA,NA,NA,231,NA,NA,NA,NA,NA,NA,NA,NA,NA,NA,NA,NA,NA,NA,NA,NA,NA,NA,NA,NA,NA,NA,NA,NA,NA,NA,NA,NA,NA,NA,NA,NA,NA
106,"GISS-E2-1-G","ssp245","ensembleMean","2061_2080",14,NA,543,9243,6182,708,1101,223,NA,NA,1332,342,1338,20209,11270,58,132,1507,44,NA,NA,NA,NA,NA,NA,NA,NA,NA,1,NA,NA,NA,NA,NA,60,NA,NA,51,7900,3979,489,NA,NA,NA,NA,6,8070,1009,149,6046,NA,NA,1,NA,NA,NA,NA,NA,NA,NA,NA,NA,NA,NA,NA,NA,NA,NA,19,NA,38,NA,NA,NA,2,NA,NA,NA,479,NA,NA,NA,NA,NA,18,NA,NA,NA,NA,NA,NA,NA,NA,NA,NA,NA,NA,NA,NA,NA,NA,NA,NA,NA,NA,NA,NA,NA,NA,NA,NA,NA
107,"GISS-E2-1-G","ssp245","r1i1p3f1","2061_2080",233,NA,106,6921,664,12990,1109,112,NA,NA,2315,3,20292,1978,1344,NA,NA,675,23,4,NA,NA,NA,NA,NA,NA,NA,NA,44,20,44,NA,NA,NA,323,1,27,6068,3200,6258,218,NA,NA,NA,1011,NA,5691,20,499,8750,NA,NA,126,NA,196,NA,NA,8,35,NA,NA,7,NA,NA,NA,NA,NA,NA,NA,NA,NA,NA,NA,NA,NA,NA,NA,NA,1196,NA,30,NA,NA,NA,NA,NA,NA,NA,5,17,NA,NA,NA,NA,NA,NA,NA,NA,NA,NA,NA,NA,NA,NA,NA,NA,NA,NA,NA,NA,NA,NA
108,"GISS-E2-1-G","ssp245","r2i1p3f1","2061_2080",38,1,1938,5085,6517,118,963,213,NA,NA,335,858,110,24591,11214,244,365,2399,32,14,NA,NA,NA,NA,NA,NA,NA,NA,NA,NA,NA,NA,NA,NA,16,NA,NA,2,6652,4420,2289,NA,NA,NA,NA,204,7312,2437,33,3896,NA,NA,NA,NA,NA,NA,NA,NA,NA,NA,NA,NA,NA,NA,NA,NA,NA,NA,7,NA,16,NA,NA,NA,NA,NA,NA,NA,202,NA,NA,NA,NA,NA,33,NA,NA,NA,NA,NA,NA,NA,NA,NA,NA,NA,NA,NA,NA,NA,NA,NA,NA,NA,NA,NA,NA,9,NA,NA,NA,NA
109,"GISS-E2-1-G","ssp245","r3i1p3f1","2061_2080",NA,16,147,9874,5953,526,1165,159,NA,NA,2428,72,533,20347,11477,NA,41,373,60,NA,NA,NA,NA,NA,NA,NA,NA,NA,58,NA,7,NA,NA,NA,77,NA,NA,NA,7952,3388,123,NA,NA,NA,NA,31,8124,1896,190,6533,NA,NA,19,1,NA,NA,NA,NA,NA,NA,NA,NA,NA,NA,NA,NA,NA,NA,20,NA,113,NA,NA,NA,1,NA,NA,NA,835,NA,NA,NA,NA,NA,24,NA,NA,NA,NA,NA,NA,NA,NA,NA,NA,NA,NA,NA,NA,NA,NA,NA,NA,NA,NA,NA,NA,NA,NA,NA,NA,NA
110,"MIROC6","ssp245","ensembleMean","2061_2080",70,NA,23,12064,1975,7142,1059,65,1,123,2197,410,11053,7231,6357,NA,25,542,46,111,NA,NA,NA,NA,NA,NA,NA,NA,9,NA,NA,NA,NA,NA,182,1,NA,1510,8024,4202,NA,NA,NA,NA,30,464,9116,132,1918,5971,NA,NA,5,NA,NA,NA,NA,32,21,NA,NA,NA,NA,NA,NA,NA,NA,NA,NA,NA,NA,NA,NA,NA,NA,NA,NA,NA,450,NA,NA,NA,NA,NA,NA,NA,NA,NA,2,NA,NA,NA,NA,NA,NA,NA,NA,NA,NA,NA,NA,NA,NA,NA,NA,NA,NA,NA,NA,NA,NA,NA
111,"MIROC6","ssp245","r1i1p1f1","2061_2080",59,NA,411,12062,1989,5981,909,110,NA,12,1571,364,9744,9415,7019,NA,34,914,27,23,NA,NA,NA,NA,NA,NA,NA,NA,7,2,NA,NA,NA,NA,86,NA,NA,1570,8611,3302,291,NA,NA,NA,10,314,9948,270,1628,5351,NA,NA,NA,NA,NA,NA,NA,3,12,NA,NA,NA,NA,NA,NA,NA,NA,NA,NA,NA,2,NA,NA,NA,NA,NA,NA,NA,511,NA,NA,NA,NA,NA,NA,NA,NA,NA,1,NA,NA,NA,NA,NA,NA,NA,NA,NA,NA,NA,NA,NA,NA,NA,NA,NA,NA,NA,NA,NA,NA,NA
112,"MIROC6","ssp245","r2i1p1f1","2061_2080",154,NA,25,10516,963,10754,1445,64,33,209,2375,253,15773,3875,3138,NA,6,640,39,277,NA,NA,NA,NA,NA,NA,NA,NA,11,NA,NA,NA,NA,NA,273,22,NA,3249,5846,5415,NA,NA,NA,NA,401,522,6594,5,1168,7270,NA,NA,12,NA,NA,18,NA,364,40,NA,NA,5,NA,NA,NA,NA,NA,NA,NA,NA,NA,NA,NA,NA,NA,NA,NA,NA,805,NA,NA,NA,NA,NA,NA,NA,NA,NA,4,NA,NA,NA,NA,NA,NA,NA,NA,NA,NA,NA,NA,NA,NA,NA,NA,NA,NA,NA,NA,NA,NA,NA
113,"MPI-ESM1-2-HR","ssp245","ensembleMean","2061_2080",324,NA,35,10266,1166,12700,1308,40,NA,1,2346,63,16734,2341,2434,NA,8,790,32,16,NA,NA,NA,NA,NA,NA,NA,NA,188,2,30,NA,NA,NA,263,24,4,5456,4598,4746,93,NA,NA,NA,605,NA,6068,NA,224,8904,NA,NA,75,NA,NA,NA,NA,9,18,NA,NA,2,NA,NA,NA,NA,NA,NA,14,NA,12,NA,NA,NA,NA,NA,NA,NA,621,NA,NA,NA,NA,NA,NA,NA,NA,NA,3,NA,NA,NA,NA,NA,NA,NA,NA,NA,NA,NA,NA,NA,NA,NA,NA,NA,NA,NA,NA,NA,NA,NA
114,"MPI-ESM1-2-HR","ssp245","r1i1p1f1","2061_2080",441,NA,25,9340,754,13307,1268,1,10,35,2632,18,18257,994,843,NA,NA,279,32,45,NA,NA,NA,NA,NA,NA,NA,NA,171,14,111,NA,NA,NA,432,15,NA,6576,3572,4335,NA,NA,NA,NA,2294,433,6662,NA,368,7145,NA,NA,171,NA,30,38,27,349,33,1,NA,16,NA,NA,NA,NA,NA,NA,3,NA,NA,NA,NA,NA,NA,NA,NA,NA,1477,1,NA,NA,NA,NA,NA,NA,NA,NA,8,NA,NA,NA,NA,NA,NA,NA,NA,NA,NA,NA,NA,NA,NA,NA,NA,NA,NA,NA,NA,NA,NA,NA
115,"MPI-ESM1-2-HR","ssp245","r2i1p1f1","2061_2080",205,NA,167,10390,2128,10928,1183,145,NA,NA,2003,163,13363,5463,5305,25,34,1276,26,NA,NA,NA,NA,NA,NA,NA,NA,NA,146,1,1,NA,NA,NA,122,5,1,3327,5703,4630,351,NA,NA,NA,46,NA,6152,2,131,8688,NA,NA,36,NA,NA,NA,NA,NA,1,NA,NA,NA,NA,NA,NA,NA,NA,NA,14,NA,96,NA,NA,NA,NA,NA,NA,NA,306,NA,NA,NA,NA,NA,NA,NA,NA,NA,NA,NA,NA,NA,NA,NA,NA,NA,NA,NA,NA,NA,NA,NA,NA,NA,NA,NA,NA,NA,NA,NA,NA,NA
116,"MRI-ESM2-0","ssp245","ensembleMean","2061_2080",3,NA,754,7796,6192,2098,834,106,NA,NA,786,47,2758,20721,11884,82,408,1549,19,NA,NA,NA,NA,NA,NA,NA,NA,NA,48,NA,NA,NA,NA,NA,47,NA,1,110,6810,3211,871,NA,NA,NA,NA,65,7272,114,79,6757,NA,NA,5,NA,NA,NA,NA,NA,NA,NA,NA,NA,NA,NA,NA,NA,NA,NA,53,NA,237,NA,NA,NA,1,NA,NA,NA,655,NA,NA,NA,NA,3,187,NA,NA,NA,NA,NA,NA,NA,NA,NA,NA,NA,NA,NA,NA,NA,NA,NA,NA,NA,NA,NA,NA,NA,NA,NA,NA,NA
117,"MRI-ESM2-0","ssp245","r1i1p1f1","2061_2080",3,NA,754,7796,6192,2098,834,106,NA,NA,786,47,2758,20721,11884,82,408,1549,19,NA,NA,NA,NA,NA,NA,NA,NA,NA,48,NA,NA,NA,NA,NA,47,NA,1,110,6810,3211,871,NA,NA,NA,NA,65,7272,114,79,6757,NA,NA,5,NA,NA,NA,NA,NA,NA,NA,NA,NA,NA,NA,NA,NA,NA,NA,53,NA,237,NA,NA,NA,1,NA,NA,NA,655,NA,NA,NA,NA,3,187,NA,NA,NA,NA,NA,NA,NA,NA,NA,NA,NA,NA,NA,NA,NA,NA,NA,NA,NA,NA,NA,NA,NA,NA,NA,NA,NA
118,"ensembleMean","ssp245","ensembleMean","2061_2080",16,2,56,9037,4000,6360,1207,94,NA,NA,2709,262,8033,11210,10039,2,37,569,40,NA,NA,NA,NA,NA,NA,NA,NA,NA,127,1,22,NA,NA,NA,162,NA,1,354,6709,3976,218,NA,NA,NA,1,143,8134,78,467,7766,NA,NA,33,NA,NA,NA,NA,NA,NA,NA,NA,NA,NA,NA,NA,NA,NA,NA,1,NA,115,NA,NA,NA,NA,NA,NA,NA,581,NA,NA,NA,NA,NA,1,NA,NA,NA,NA,NA,NA,NA,NA,NA,NA,NA,NA,NA,NA,NA,NA,NA,NA,NA,NA,NA,NA,NA,NA,NA,NA,NA
119,"ACCESS-ESM1-5","ssp245","ensembleMean","2081_2100",6,NA,15,333,NA,18739,1414,NA,NA,NA,3525,NA,19300,NA,169,NA,NA,220,NA,NA,NA,NA,NA,NA,NA,NA,NA,NA,10,NA,11,3,1,NA,979,NA,NA,3806,752,3848,NA,NA,NA,NA,1754,11554,994,NA,7,3692,NA,NA,298,NA,4,28,78,431,139,NA,NA,63,NA,NA,NA,NA,NA,NA,NA,NA,NA,NA,NA,NA,NA,NA,NA,NA,10206,38,9,NA,NA,NA,NA,NA,NA,10,73,NA,NA,NA,NA,NA,29,NA,NA,NA,2,NA,NA,NA,NA,4,1,18,NA,NA,NA,NA,NA,NA
120,"ACCESS-ESM1-5","ssp245","r10i1p1f1","2081_2100",9,NA,10,150,NA,18947,1107,NA,NA,NA,3024,NA,18253,NA,40,NA,NA,44,NA,NA,NA,NA,NA,NA,NA,NA,NA,NA,2,NA,27,2,2,NA,1083,NA,NA,4796,302,2091,NA,NA,NA,NA,3503,11536,516,NA,1,4252,NA,NA,435,NA,11,155,287,590,253,2,NA,145,NA,NA,NA,NA,NA,NA,NA,NA,NA,NA,NA,NA,NA,NA,NA,NA,10678,82,5,NA,NA,NA,NA,NA,NA,14,65,5,NA,29,NA,NA,33,7,NA,1,5,NA,NA,1,NA,4,11,48,NA,NA,NA,NA,NA,NA
121,"ACCESS-ESM1-5","ssp245","r1i1p1f1","2081_2100",7,NA,10,553,NA,17798,1321,NA,NA,NA,4209,NA,19747,NA,472,NA,NA,156,7,10,NA,NA,NA,NA,NA,NA,NA,NA,7,NA,74,4,1,NA,1113,NA,NA,2817,1105,4689,NA,NA,NA,NA,1106,11458,1657,NA,23,2746,NA,NA,384,NA,3,13,56,1139,143,NA,NA,46,NA,NA,NA,NA,NA,NA,NA,NA,NA,NA,NA,NA,NA,NA,NA,NA,9511,85,6,NA,NA,NA,NA,NA,NA,9,46,NA,NA,NA,NA,NA,23,NA,NA,NA,NA,NA,NA,NA,NA,1,NA,8,NA,NA,NA,NA,NA,NA
122,"ACCESS-ESM1-5","ssp245","r2i1p1f1","2081_2100",11,NA,23,1448,190,14655,2463,NA,NA,NA,4334,88,14835,4476,6258,NA,72,914,53,328,NA,NA,NA,NA,NA,NA,NA,NA,247,NA,28,NA,NA,NA,574,NA,NA,170,1702,5275,23,NA,NA,NA,NA,9964,4589,NA,351,2431,NA,NA,87,NA,NA,NA,NA,609,4,NA,NA,NA,NA,NA,NA,NA,NA,NA,NA,NA,17,NA,NA,NA,NA,NA,NA,NA,6322,NA,5,NA,NA,1,NA,NA,NA,2,8,NA,1,NA,NA,NA,5,NA,NA,NA,NA,NA,NA,NA,NA,NA,NA,NA,NA,NA,NA,NA,NA,NA
123,"CNRM-ESM2-1","ssp245","ensembleMean","2081_2100",NA,6,9,8420,3121,5977,1198,19,NA,NA,3185,78,7067,12303,10278,NA,NA,31,37,NA,NA,NA,NA,NA,NA,NA,NA,NA,66,NA,70,NA,NA,NA,264,NA,NA,110,7262,3488,NA,NA,NA,NA,NA,614,10301,266,807,6302,NA,NA,37,NA,NA,NA,NA,1,NA,NA,NA,NA,NA,NA,NA,NA,NA,NA,NA,NA,86,NA,NA,NA,NA,NA,NA,NA,1159,NA,NA,NA,NA,NA,1,NA,NA,NA,NA,NA,NA,NA,NA,NA,NA,NA,NA,NA,NA,NA,NA,NA,NA,NA,NA,NA,NA,NA,NA,NA,NA,NA
124,"CNRM-ESM2-1","ssp245","r1i1p1f2","2081_2100",1,15,26,7425,3346,5586,1329,79,NA,NA,3002,311,5884,13244,10863,NA,92,202,40,NA,NA,NA,NA,NA,NA,NA,NA,NA,95,NA,12,NA,NA,NA,164,NA,1,51,6554,4052,9,NA,NA,NA,NA,1247,10499,257,1301,5704,NA,NA,11,NA,NA,NA,NA,6,NA,NA,NA,NA,NA,NA,NA,NA,NA,NA,1,NA,103,NA,NA,NA,NA,NA,NA,NA,1028,NA,NA,NA,NA,NA,23,NA,NA,NA,NA,NA,NA,NA,NA,NA,NA,NA,NA,NA,NA,NA,NA,NA,NA,NA,NA,NA,NA,NA,NA,NA,NA,NA
125,"CNRM-ESM2-1","ssp245","r2i1p1f2","2081_2100",NA,NA,2,8644,1558,8285,982,NA,NA,18,3057,1,13332,5633,6768,NA,NA,NA,33,1,NA,NA,NA,NA,NA,NA,NA,NA,24,NA,75,NA,NA,NA,496,NA,NA,751,7374,3304,NA,NA,NA,NA,9,1761,11570,188,1967,4941,NA,NA,62,NA,NA,NA,NA,83,NA,NA,NA,NA,NA,NA,NA,NA,NA,NA,NA,NA,NA,NA,NA,NA,NA,NA,NA,NA,1628,NA,NA,NA,NA,NA,NA,NA,NA,NA,13,NA,3,NA,NA,NA,NA,NA,NA,NA,NA,NA,NA,NA,NA,NA,NA,NA,NA,NA,NA,NA,NA,NA
126,"CNRM-ESM2-1","ssp245","r3i1p1f2","2081_2100",2,18,30,8643,7278,1073,1221,94,NA,NA,2644,48,561,19961,12227,NA,170,320,57,NA,NA,NA,NA,NA,NA,NA,NA,NA,146,NA,24,NA,NA,NA,99,NA,1,NA,7162,3978,22,NA,NA,NA,NA,346,8191,730,238,6309,NA,NA,14,NA,NA,NA,NA,NA,NA,NA,NA,NA,NA,NA,NA,NA,NA,NA,6,NA,152,NA,NA,NA,NA,NA,NA,NA,694,NA,NA,NA,7,NA,97,NA,NA,NA,NA,NA,NA,NA,NA,NA,NA,NA,NA,NA,NA,NA,NA,NA,NA,NA,NA,NA,NA,NA,NA,NA,NA,NA
127,"EC-Earth3","ssp245","ensembleMean","2081_2100",NA,NA,26,5669,2643,2856,1101,42,NA,1,2941,7,2727,20832,10639,NA,20,12,29,NA,NA,NA,NA,NA,NA,NA,NA,NA,45,NA,1,NA,NA,NA,189,NA,NA,7,7517,2279,4,NA,NA,NA,NA,1375,11241,1127,1330,5236,NA,NA,23,NA,NA,NA,NA,NA,NA,NA,NA,NA,NA,NA,NA,NA,NA,NA,NA,NA,289,NA,NA,NA,NA,NA,NA,NA,2243,NA,NA,NA,NA,NA,102,NA,NA,NA,NA,NA,10,NA,NA,NA,NA,NA,NA,NA,NA,NA,NA,NA,NA,NA,NA,NA,NA,NA,NA,NA,NA,NA
128,"EC-Earth3","ssp245","r15i1p1f1","2081_2100",NA,NA,48,5527,1952,3097,1096,104,NA,1,2921,22,5818,18061,9524,NA,41,8,21,NA,NA,NA,NA,NA,NA,NA,NA,NA,1,NA,NA,NA,NA,NA,146,NA,NA,64,7660,2131,32,NA,NA,NA,NA,1555,11324,1320,2220,5051,NA,NA,NA,NA,NA,NA,NA,NA,NA,NA,NA,NA,NA,NA,NA,NA,NA,NA,NA,NA,262,NA,NA,NA,NA,NA,NA,NA,2469,NA,NA,NA,NA,NA,73,NA,NA,NA,NA,NA,14,NA,NA,NA,NA,NA,NA,NA,NA,NA,NA,NA,NA,NA,NA,NA,NA,NA,NA,NA,NA,NA
129,"EC-Earth3","ssp245","r1i1p1f1","2081_2100",1,NA,44,6379,1659,3252,1101,1,NA,10,2891,4,6470,16226,10075,NA,2,NA,19,NA,NA,NA,NA,NA,NA,NA,NA,NA,29,NA,3,NA,NA,NA,258,NA,NA,7,7916,2370,2,NA,NA,NA,NA,1557,11911,1232,2408,3830,NA,NA,17,NA,NA,NA,NA,NA,NA,NA,NA,NA,NA,NA,NA,NA,NA,NA,NA,NA,78,NA,NA,NA,NA,NA,NA,NA,2762,NA,NA,NA,NA,NA,15,NA,NA,4,NA,NA,30,NA,NA,NA,NA,NA,NA,NA,NA,NA,NA,NA,NA,NA,NA,NA,NA,NA,NA,NA,NA,NA
130,"EC-Earth3","ssp245","r4i1p1f1","2081_2100",NA,NA,3,5170,1383,9473,855,4,NA,NA,2601,NA,14963,9198,8277,NA,NA,245,NA,NA,NA,NA,NA,NA,NA,NA,NA,NA,6,NA,118,NA,NA,NA,202,NA,NA,292,6296,2408,5,NA,NA,NA,NA,655,7645,44,307,8037,NA,NA,144,NA,NA,NA,NA,10,NA,NA,NA,NA,NA,NA,NA,NA,NA,NA,NA,NA,237,NA,NA,NA,NA,NA,NA,NA,3222,NA,NA,NA,NA,16,NA,NA,11,NA,NA,NA,624,NA,NA,NA,NA,NA,1,NA,NA,NA,NA,NA,NA,NA,NA,NA,NA,NA,20,1,84,6
131,"GFDL-ESM4","ssp245","ensembleMean","2081_2100",25,2,226,11139,1558,5132,932,232,NA,25,1539,524,9379,9940,5947,13,2,977,62,185,NA,NA,NA,NA,NA,NA,NA,NA,5,NA,NA,NA,NA,NA,99,NA,NA,1698,7711,3314,306,NA,NA,NA,212,821,12368,382,2026,5104,NA,NA,NA,NA,NA,NA,NA,NA,6,NA,NA,NA,NA,NA,NA,NA,NA,NA,NA,NA,NA,NA,NA,NA,NA,NA,NA,NA,667,NA,NA,NA,NA,NA,NA,NA,NA,NA,5,NA,NA,NA,NA,NA,NA,NA,NA,NA,NA,NA,NA,NA,NA,NA,NA,NA,NA,NA,NA,NA,NA,NA
132,"GFDL-ESM4","ssp245","r1i1p1f1","2081_2100",15,7,473,9946,2531,1508,973,247,NA,6,1221,925,2095,17684,9482,37,55,1203,67,98,NA,NA,NA,NA,NA,NA,NA,NA,NA,NA,NA,NA,NA,NA,38,NA,NA,98,8729,3357,490,NA,NA,NA,NA,1337,12768,1482,1351,3593,NA,NA,NA,NA,NA,NA,NA,NA,NA,NA,NA,NA,NA,NA,NA,NA,NA,NA,NA,NA,2,NA,NA,NA,NA,NA,NA,NA,745,NA,NA,NA,NA,NA,NA,NA,NA,NA,NA,NA,NA,NA,NA,NA,NA,NA,NA,NA,NA,NA,NA,NA,NA,NA,NA,NA,NA,NA,NA,NA,NA,NA
133,"GFDL-ESM4","ssp245","r2i1p1f1","2081_2100",48,3,27,10894,494,10262,853,42,16,141,2021,58,16247,1646,1270,NA,NA,397,85,241,NA,NA,NA,NA,NA,NA,NA,NA,31,NA,NA,NA,NA,NA,374,NA,NA,6186,4214,3056,37,NA,NA,NA,2465,1093,10243,25,2565,6080,NA,NA,7,NA,1,17,4,116,29,NA,NA,2,NA,NA,NA,NA,NA,NA,NA,NA,NA,NA,NA,NA,NA,NA,NA,NA,1259,NA,NA,NA,NA,NA,NA,NA,NA,NA,14,NA,NA,NA,NA,NA,NA,NA,NA,NA,NA,NA,NA,NA,NA,NA,NA,NA,NA,NA,NA,NA,NA,NA
134,"GFDL-ESM4","ssp245","r3i1p1f1","2081_2100",16,1,715,9714,1449,4056,827,341,NA,1,1079,446,8606,13001,5599,61,NA,1530,40,105,NA,NA,NA,NA,NA,NA,NA,NA,NA,NA,NA,NA,NA,NA,50,NA,NA,2141,7834,3195,692,NA,NA,NA,196,230,12253,594,1531,5452,NA,NA,NA,NA,NA,NA,NA,NA,3,NA,NA,NA,NA,NA,NA,NA,NA,NA,NA,NA,NA,NA,NA,NA,NA,NA,NA,NA,801,NA,NA,NA,NA,NA,NA,NA,NA,NA,4,NA,NA,NA,NA,NA,NA,NA,NA,NA,NA,NA,NA,NA,NA,NA,NA,NA,NA,NA,NA,NA,NA,NA
135,"GISS-E2-1-G","ssp245","ensembleMean","2081_2100",16,NA,337,7543,4221,2645,1269,311,NA,NA,1282,431,3379,19229,10720,32,160,1732,35,NA,NA,NA,NA,NA,NA,NA,NA,NA,NA,NA,NA,NA,NA,NA,102,NA,NA,164,6560,4387,374,NA,NA,NA,NA,116,9002,593,406,6867,NA,NA,NA,NA,NA,NA,NA,NA,4,NA,NA,NA,NA,NA,NA,NA,NA,NA,7,NA,26,NA,NA,NA,NA,NA,NA,NA,609,NA,NA,NA,NA,NA,4,NA,NA,NA,NA,NA,NA,NA,NA,NA,NA,NA,NA,NA,NA,NA,NA,NA,NA,NA,NA,NA,NA,NA,NA,NA,NA,NA
136,"GISS-E2-1-G","ssp245","r1i1p3f1","2081_2100",33,1,144,6475,2408,4403,1293,197,NA,NA,2129,279,8042,15440,9054,9,32,1231,23,3,NA,NA,NA,NA,NA,NA,NA,NA,3,NA,NA,NA,NA,NA,207,NA,NA,490,6007,4252,201,NA,NA,NA,NA,191,10600,414,549,7080,NA,NA,10,NA,NA,NA,NA,NA,NA,NA,NA,NA,NA,NA,NA,NA,NA,NA,4,NA,30,NA,NA,NA,NA,NA,NA,NA,1324,NA,NA,NA,NA,NA,5,NA,NA,NA,NA,NA,NA,NA,NA,NA,NA,NA,NA,NA,NA,NA,NA,NA,NA,NA,NA,NA,NA,NA,NA,NA,NA,NA
137,"GISS-E2-1-G","ssp245","r2i1p3f1","2081_2100",17,6,1822,4542,9249,38,1124,187,NA,NA,134,502,36,25704,11106,504,566,2725,97,8,NA,NA,NA,NA,NA,NA,NA,NA,NA,NA,NA,NA,NA,NA,16,NA,NA,NA,6108,3706,2354,NA,NA,NA,NA,57,4057,1503,30,6076,NA,NA,NA,NA,NA,NA,NA,NA,NA,NA,NA,NA,NA,NA,NA,NA,NA,NA,75,NA,29,NA,NA,NA,3,NA,NA,NA,69,NA,NA,NA,NA,NA,113,NA,NA,NA,NA,NA,NA,NA,NA,NA,NA,NA,NA,NA,NA,NA,NA,NA,NA,NA,NA,NA,NA,NA,NA,NA,NA,NA
138,"GISS-E2-1-G","ssp245","r3i1p3f1","2081_2100",51,NA,169,7522,3364,3524,1276,308,NA,3,1797,402,6202,16905,9231,9,72,1393,32,33,NA,NA,NA,NA,NA,NA,NA,NA,NA,NA,NA,NA,NA,NA,165,NA,NA,694,5962,5021,169,NA,NA,NA,2,397,9985,440,759,5837,NA,NA,NA,NA,NA,NA,NA,1,23,NA,NA,NA,NA,NA,NA,NA,NA,NA,NA,NA,NA,NA,NA,NA,NA,NA,NA,NA,813,NA,NA,NA,NA,NA,NA,NA,NA,NA,2,NA,NA,NA,NA,NA,NA,NA,NA,NA,NA,NA,NA,NA,NA,NA,NA,NA,NA,NA,NA,NA,NA,NA
139,"MIROC6","ssp245","ensembleMean","2081_2100",24,NA,15,8244,865,8035,1292,44,28,412,2342,258,11833,7231,3914,NA,8,443,67,1096,NA,NA,NA,NA,NA,NA,NA,NA,NA,NA,NA,NA,NA,NA,384,3,NA,1795,6908,4854,NA,NA,NA,NA,415,2714,9357,65,2812,4978,NA,NA,3,NA,NA,NA,NA,317,38,NA,NA,3,NA,NA,NA,NA,NA,NA,NA,NA,NA,NA,NA,NA,NA,NA,NA,NA,1751,NA,NA,NA,NA,NA,NA,NA,NA,1,14,NA,NA,NA,NA,NA,NA,NA,NA,NA,NA,NA,NA,NA,NA,NA,NA,NA,NA,NA,NA,NA,NA,NA
140,"MIROC6","ssp245","r1i1p1f1","2081_2100",136,NA,19,4390,32,13794,1303,139,42,8,2119,298,19733,753,291,NA,1,1127,79,1601,NA,NA,NA,NA,NA,NA,NA,2,NA,NA,NA,NA,1,NA,340,NA,NA,5432,2014,6929,9,NA,NA,NA,2039,2216,3832,NA,758,8287,NA,NA,NA,NA,105,82,3,1660,129,NA,NA,37,NA,5,NA,NA,NA,NA,NA,NA,NA,NA,NA,NA,NA,NA,NA,NA,2781,18,1,NA,NA,NA,NA,NA,NA,1,17,NA,NA,NA,NA,NA,NA,NA,NA,NA,NA,NA,NA,NA,NA,NA,NA,NA,NA,NA,NA,NA,NA,NA
141,"MIROC6","ssp245","r2i1p1f1","2081_2100",13,37,14,9354,2715,1714,1295,30,2,182,2367,707,2486,16041,9290,NA,132,213,74,182,NA,NA,NA,NA,NA,NA,NA,NA,NA,NA,NA,NA,NA,NA,207,NA,NA,45,7970,4215,2,NA,NA,NA,NA,3392,12206,1316,2732,2788,NA,NA,NA,NA,NA,NA,NA,NA,NA,NA,NA,NA,NA,NA,NA,NA,NA,NA,NA,NA,NA,NA,NA,NA,NA,NA,NA,NA,836,NA,NA,NA,NA,NA,NA,NA,NA,4,2,NA,NA,NA,NA,NA,NA,NA,NA,NA,NA,NA,NA,NA,NA,NA,NA,NA,NA,NA,NA,NA,NA,NA
142,"MPI-ESM1-2-HR","ssp245","ensembleMean","2081_2100",247,12,54,9348,8071,4700,1703,14,NA,11,3034,226,2385,12310,11671,NA,458,1225,55,NA,NA,NA,NA,NA,NA,NA,NA,NA,315,NA,NA,NA,NA,NA,236,NA,NA,44,4846,5964,498,NA,NA,NA,NA,689,5860,1,140,8085,NA,NA,35,NA,NA,NA,NA,NA,NA,NA,NA,NA,NA,NA,NA,NA,NA,NA,85,NA,15,NA,NA,NA,1,NA,NA,NA,217,NA,NA,NA,NA,NA,8,NA,NA,NA,NA,NA,NA,NA,NA,NA,NA,NA,NA,NA,NA,NA,NA,NA,NA,NA,NA,NA,NA,NA,NA,NA,NA,NA
143,"MPI-ESM1-2-HR","ssp245","r1i1p1f1","2081_2100",528,47,145,8422,6011,7994,2518,NA,15,177,4205,147,6594,7795,8855,NA,393,1741,45,40,NA,NA,NA,1,NA,NA,1,NA,154,NA,NA,NA,NA,NA,352,NA,NA,345,3320,8209,711,NA,NA,NA,NA,594,3689,NA,137,9013,NA,NA,54,6,NA,NA,NA,53,NA,NA,NA,NA,NA,NA,1,NA,NA,NA,152,NA,NA,NA,NA,NA,NA,NA,NA,NA,99,NA,NA,NA,NA,NA,NA,NA,NA,NA,NA,NA,NA,NA,NA,NA,NA,NA,NA,NA,NA,NA,NA,NA,NA,NA,NA,NA,NA,NA,NA,NA,NA,NA
144,"MPI-ESM1-2-HR","ssp245","r2i1p1f1","2081_2100",57,12,19,9750,8940,1600,1332,40,NA,1,2371,309,1161,15731,11867,NA,501,955,62,NA,NA,NA,NA,NA,NA,NA,NA,NA,329,NA,NA,NA,NA,NA,152,NA,1,13,6157,4337,315,NA,NA,NA,NA,631,7975,100,199,7174,NA,NA,4,NA,NA,NA,NA,NA,NA,NA,NA,NA,NA,NA,NA,NA,NA,NA,25,NA,39,NA,NA,NA,NA,NA,NA,NA,361,NA,NA,NA,NA,NA,43,NA,NA,NA,NA,NA,NA,NA,NA,NA,NA,NA,NA,NA,NA,NA,NA,NA,NA,NA,NA,NA,NA,NA,NA,NA,NA,NA
145,"MRI-ESM2-0","ssp245","ensembleMean","2081_2100",NA,NA,309,7143,2124,4088,866,43,NA,NA,2021,34,5844,18512,9939,17,225,337,35,NA,NA,NA,NA,NA,NA,NA,NA,NA,49,NA,NA,NA,NA,NA,89,NA,NA,229,7247,2527,388,NA,NA,NA,NA,327,11361,185,522,5286,NA,NA,NA,NA,NA,NA,NA,NA,NA,NA,NA,NA,NA,NA,NA,NA,NA,NA,NA,NA,155,NA,NA,NA,NA,NA,NA,NA,2513,NA,NA,NA,NA,NA,148,NA,NA,NA,NA,NA,NA,NA,NA,NA,NA,NA,NA,NA,NA,NA,NA,NA,NA,NA,NA,NA,NA,NA,NA,NA,NA,NA
146,"MRI-ESM2-0","ssp245","r1i1p1f1","2081_2100",NA,NA,309,7143,2124,4088,866,43,NA,NA,2021,34,5844,18512,9939,17,225,337,35,NA,NA,NA,NA,NA,NA,NA,NA,NA,49,NA,NA,NA,NA,NA,89,NA,NA,229,7247,2527,388,NA,NA,NA,NA,327,11361,185,522,5286,NA,NA,NA,NA,NA,NA,NA,NA,NA,NA,NA,NA,NA,NA,NA,NA,NA,NA,NA,NA,155,NA,NA,NA,NA,NA,NA,NA,2513,NA,NA,NA,NA,NA,148,NA,NA,NA,NA,NA,NA,NA,NA,NA,NA,NA,NA,NA,NA,NA,NA,NA,NA,NA,NA,NA,NA,NA,NA,NA,NA,NA
147,"ensembleMean","ssp245","ensembleMean","2081_2100",8,3,21,6813,2581,7831,1452,41,NA,NA,3018,309,10254,9833,8710,NA,44,427,29,NA,NA,NA,NA,NA,NA,NA,NA,NA,96,NA,29,NA,NA,NA,280,NA,2,463,5870,4258,115,NA,NA,NA,NA,1097,9464,59,937,6909,NA,NA,26,NA,NA,NA,NA,20,NA,NA,NA,NA,NA,NA,NA,NA,NA,NA,1,NA,72,NA,NA,NA,NA,NA,NA,NA,1491,NA,NA,NA,NA,NA,NA,NA,NA,NA,NA,NA,NA,NA,NA,NA,NA,NA,NA,NA,NA,NA,NA,NA,NA,NA,NA,NA,NA,NA,NA,NA,NA,NA
