"index","GCM","SSP","RUN","PERIOD","CDFmm","CDFmm_WA","CMAun","CMAun_WA","CMAunp","CWHdm","CWHdm_WA","CWHds1","CWHmh_OR","CWHmm1","CWHmm2","CWHms1","CWHms2","CWHvh_WA","CWHvh2","CWHvm_WA","CWHvm1","CWHvm2","CWHws2","CWHxm_WA","CWHxm1","CWHxm2","ESSFmw1","ESSFmwp","ESSFmww","MHmm_WA","MHmm1","MHmm2","MHmmp","CRFdh_CA","CWHms_WA","CWHwh_WA","ESSFvh_ID","MHms_WA","CMXwm_OR","CWFwm_OR","CWHdm_OR","MSxh_OR","CWFmm_OR","CWHds_WA","CWHms_OR","CWHvm_OR","IGFmm_OR","IGFxm_OR","MHds_WA","ESSFwm_MT","IDFww","IGFdw_OR","ICHdh_ID","CWHvh1","CWHwh1","ICHdw1","CDFmm_OR","MHwh1","MHwhp","CWHwh2"
1,"obs","obs",NA,"1961_1990",7750,1539,23,136,3801,19622,1256,481,80,787,3352,1687,4,44,1,184,6941,9834,4,244,13415,7529,4,1,3,125,8063,1370,16,NA,NA,NA,NA,NA,NA,NA,NA,NA,NA,NA,NA,NA,NA,NA,NA,NA,NA,NA,NA,NA,NA,NA,NA,NA,NA,NA
2,"obs","obs",NA,"2001_2020",8630,430,18,404,2498,11507,9228,343,622,871,3353,1141,NA,11,NA,2088,6931,7678,8,3101,11810,8521,3,NA,2,1599,6031,1218,9,183,4,33,3,18,NA,NA,NA,NA,NA,NA,NA,NA,NA,NA,NA,NA,NA,NA,NA,NA,NA,NA,NA,NA,NA,NA
3,"ACCESS-ESM1-5","ssp245","ensembleMean","2001_2020",3019,11,NA,195,1278,9117,12097,1132,2734,673,3159,1686,NA,6,NA,2409,7244,6825,NA,16680,4002,6434,2,NA,NA,776,3283,778,NA,3005,23,616,NA,4,1,5,1100,2,NA,NA,NA,NA,NA,NA,NA,NA,NA,NA,NA,NA,NA,NA,NA,NA,NA,NA
4,"ACCESS-ESM1-5","ssp245","r10i1p1f1","2001_2020",1429,1,NA,407,915,2161,17181,516,3000,771,2975,976,NA,NA,NA,8269,3090,3791,12,19314,2511,5633,NA,NA,NA,2371,1998,553,NA,4925,88,942,1,103,40,128,4118,49,1,2,1,1,2,14,7,NA,NA,NA,NA,NA,NA,NA,NA,NA,NA,NA
5,"ACCESS-ESM1-5","ssp245","r1i1p1f1","2001_2020",2000,4,NA,736,914,822,20497,330,2365,668,2943,664,NA,NA,NA,10924,1052,2841,11,17223,2505,5285,NA,NA,NA,3629,1683,577,NA,4408,87,788,17,129,26,347,4711,66,7,NA,1,10,NA,12,9,1,1,3,NA,NA,NA,NA,NA,NA,NA,NA
6,"ACCESS-ESM1-5","ssp245","r2i1p1f1","2001_2020",1674,NA,NA,189,1012,5677,13259,923,3751,575,3084,2034,4,5,NA,3026,6966,5977,NA,18070,3033,6105,2,NA,NA,762,2595,786,NA,5018,18,894,NA,14,9,80,2748,6,NA,NA,NA,NA,NA,NA,NA,NA,NA,NA,NA,NA,NA,NA,NA,NA,NA,NA
7,"CNRM-ESM2-1","ssp245","ensembleMean","2001_2020",5288,654,12,46,2428,23341,1868,571,742,669,2413,1810,6,132,NA,118,8566,10329,NA,5153,10140,6219,1,NA,4,53,6166,945,7,599,NA,16,NA,NA,NA,NA,NA,NA,NA,NA,NA,NA,NA,NA,NA,NA,NA,NA,NA,NA,NA,NA,NA,NA,NA,NA
8,"CNRM-ESM2-1","ssp245","r1i1p1f2","2001_2020",3649,471,14,91,2355,23145,3289,527,1067,800,2207,1555,3,96,1,353,9578,10198,1,6811,8158,6172,1,NA,2,128,6085,830,4,681,NA,24,NA,NA,NA,NA,NA,NA,NA,NA,NA,NA,NA,NA,NA,NA,NA,NA,NA,NA,NA,NA,NA,NA,NA,NA
9,"CNRM-ESM2-1","ssp245","r2i1p1f2","2001_2020",3869,519,1,127,2412,19719,7216,555,1313,701,2627,1771,NA,105,NA,741,7810,9622,NA,7856,7498,5672,2,NA,3,306,5745,934,2,1064,NA,75,NA,NA,NA,NA,31,NA,NA,NA,NA,NA,NA,NA,NA,NA,NA,NA,NA,NA,NA,NA,NA,NA,NA,NA
10,"CNRM-ESM2-1","ssp245","r3i1p1f2","2001_2020",3453,764,16,35,2428,24469,2747,417,464,625,1797,1435,9,174,7,146,11473,10974,17,6079,7792,5696,NA,NA,NA,52,6264,771,24,158,NA,10,NA,NA,NA,NA,NA,NA,NA,NA,NA,NA,NA,NA,NA,NA,NA,NA,NA,NA,NA,NA,NA,NA,NA,NA
11,"EC-Earth3","ssp245","ensembleMean","2001_2020",2959,269,8,114,1957,20467,8152,761,1745,781,2418,1587,NA,127,NA,801,8777,9744,NA,8954,5778,5321,1,NA,3,373,4981,702,1,1435,NA,63,NA,NA,NA,NA,17,NA,NA,NA,NA,NA,NA,NA,NA,NA,NA,NA,NA,NA,NA,NA,NA,NA,NA,NA
12,"EC-Earth3","ssp245","r15i1p1f1","2001_2020",5387,360,11,64,1987,23369,2622,960,904,749,2357,1745,3,65,2,168,9195,10082,10,6074,8809,6110,NA,NA,2,85,5419,818,16,907,NA,16,NA,NA,NA,NA,NA,NA,NA,NA,NA,NA,NA,NA,NA,NA,NA,NA,NA,NA,NA,NA,NA,NA,NA,NA
13,"EC-Earth3","ssp245","r1i1p1f1","2001_2020",1381,254,2,353,1825,10935,16520,247,3672,1053,2120,805,NA,133,NA,3444,8908,7982,NA,12775,2728,3954,1,NA,NA,1792,4025,465,NA,1591,NA,615,NA,NA,NA,NA,716,NA,NA,NA,NA,NA,NA,NA,NA,NA,NA,NA,NA,NA,NA,NA,NA,NA,NA,NA
14,"EC-Earth3","ssp245","r4i1p1f1","2001_2020",6289,243,10,129,1759,20355,4306,4409,750,348,2788,2483,17,21,NA,445,7381,9551,NA,6253,8275,5439,5,NA,5,280,4532,1002,4,1199,NA,12,NA,NA,NA,NA,6,NA,NA,NA,NA,NA,NA,NA,NA,NA,NA,NA,NA,NA,NA,NA,NA,NA,NA,NA
15,"GFDL-ESM4","ssp245","ensembleMean","2001_2020",5787,508,7,144,2556,17614,7030,611,1108,816,3033,1763,NA,63,NA,747,7665,9083,NA,6041,9346,6282,3,NA,3,425,5907,1004,1,692,NA,50,NA,NA,NA,NA,7,NA,NA,NA,NA,NA,NA,NA,NA,NA,NA,NA,NA,NA,NA,NA,NA,NA,NA,NA
16,"GFDL-ESM4","ssp245","r1i1p1f1","2001_2020",7458,453,11,139,2652,18600,5316,878,576,820,3312,2052,NA,57,NA,482,7146,9076,NA,3335,10717,6870,4,NA,3,315,6393,1194,5,417,NA,15,NA,NA,NA,NA,NA,NA,NA,NA,NA,NA,NA,NA,NA,NA,NA,NA,NA,NA,NA,NA,NA,NA,NA,NA
17,"GFDL-ESM4","ssp245","r2i1p1f1","2001_2020",4857,751,5,269,2461,15183,10750,440,1500,654,2561,1329,NA,63,NA,1880,7457,8848,NA,7852,7792,5442,2,NA,2,1079,5401,836,NA,732,1,135,NA,3,NA,NA,11,NA,NA,NA,NA,NA,NA,NA,NA,NA,NA,NA,NA,NA,NA,NA,NA,NA,NA,NA
18,"GFDL-ESM4","ssp245","r3i1p1f1","2001_2020",5154,335,5,125,2374,18295,5997,772,1505,876,3111,1783,3,68,NA,448,8317,9061,NA,6819,8665,6357,1,NA,3,283,5695,967,1,1119,NA,60,NA,NA,NA,NA,97,NA,NA,NA,NA,NA,NA,NA,NA,NA,NA,NA,NA,NA,NA,NA,NA,NA,NA,NA
19,"GISS-E2-1-G","ssp245","ensembleMean","2001_2020",6260,371,18,48,2145,21981,1255,792,542,778,2429,2060,10,88,1,45,9230,10019,NA,3822,11283,7448,1,NA,8,17,6113,959,16,555,NA,2,NA,NA,NA,NA,NA,NA,NA,NA,NA,NA,NA,NA,NA,NA,NA,NA,NA,NA,NA,NA,NA,NA,NA,NA
20,"GISS-E2-1-G","ssp245","r1i1p3f1","2001_2020",6504,394,17,61,2116,23109,1301,1375,306,684,2262,2164,15,36,1,57,9738,10221,NA,2562,11185,6722,1,NA,4,17,6092,942,34,376,NA,NA,NA,NA,NA,NA,NA,NA,NA,NA,NA,NA,NA,NA,NA,NA,NA,NA,NA,NA,NA,NA,NA,NA,NA,NA
21,"GISS-E2-1-G","ssp245","r2i1p3f1","2001_2020",5171,643,17,108,2474,22400,1942,510,466,806,2311,1706,1,96,2,109,9838,10376,1,3734,10288,7351,1,NA,3,67,6668,921,21,260,NA,5,NA,NA,NA,NA,NA,NA,NA,NA,NA,NA,NA,NA,NA,NA,NA,NA,NA,NA,NA,NA,NA,NA,NA,NA
22,"GISS-E2-1-G","ssp245","r3i1p3f1","2001_2020",5740,370,8,49,2019,22010,1445,1200,893,755,2614,2192,5,91,NA,89,8262,9600,NA,6069,10611,6746,1,NA,7,29,5557,988,10,919,NA,17,NA,NA,NA,NA,NA,NA,NA,NA,NA,NA,NA,NA,NA,NA,NA,NA,NA,NA,NA,NA,NA,NA,NA,NA
23,"MIROC6","ssp245","ensembleMean","2001_2020",5053,144,9,78,1834,18853,2234,1346,2755,747,2881,1629,19,274,NA,149,9628,8936,NA,8303,8776,7091,NA,NA,NA,142,5030,640,8,1598,NA,107,NA,NA,NA,NA,32,NA,NA,NA,NA,NA,NA,NA,NA,NA,NA,NA,NA,NA,NA,NA,NA,NA,NA,NA
24,"MIROC6","ssp245","r1i1p1f1","2001_2020",5986,153,7,65,1799,20139,1525,1604,1890,647,2934,1663,18,201,NA,61,9733,9006,6,7100,9449,7057,NA,NA,NA,79,5006,675,9,1406,NA,61,NA,NA,NA,NA,17,NA,NA,NA,NA,NA,NA,NA,NA,NA,NA,NA,NA,NA,NA,NA,NA,NA,NA,NA
25,"MIROC6","ssp245","r2i1p1f1","2001_2020",6103,316,10,71,1893,19663,1505,959,2180,648,2922,1762,22,414,NA,108,9207,9182,NA,6886,9722,7058,NA,NA,NA,89,5208,749,6,1499,NA,89,NA,NA,NA,NA,25,NA,NA,NA,NA,NA,NA,NA,NA,NA,NA,NA,NA,NA,NA,NA,NA,NA,NA,NA
26,"MIROC6","ssp245","r3i1p1f1","2001_2020",3508,78,9,113,1784,15467,4739,1571,4060,965,2837,1318,26,122,NA,807,9976,8289,8,10693,6843,6998,NA,NA,NA,366,4704,536,8,1733,NA,603,NA,NA,1,NA,134,NA,NA,NA,NA,NA,NA,NA,NA,NA,NA,NA,NA,NA,NA,NA,NA,NA,NA,NA
27,"MPI-ESM1-2-HR","ssp245","ensembleMean","2001_2020",4580,543,2,309,2153,15466,12557,643,1635,829,3231,1781,2,44,NA,1271,7272,8195,NA,7880,5946,5579,1,NA,2,1023,5021,1019,2,1065,NA,100,NA,NA,NA,NA,145,NA,NA,NA,NA,NA,NA,NA,NA,NA,NA,NA,NA,NA,NA,NA,NA,NA,NA,NA
28,"MPI-ESM1-2-HR","ssp245","r1i1p1f1","2001_2020",5202,550,2,387,2046,13105,16275,743,957,671,3164,1908,7,3,NA,2176,7129,7395,3,7310,5475,5067,4,NA,2,1742,4485,1298,6,828,NA,29,NA,NA,NA,NA,327,NA,NA,NA,NA,NA,NA,NA,NA,NA,NA,NA,NA,NA,NA,NA,NA,NA,NA,NA
29,"MPI-ESM1-2-HR","ssp245","r2i1p1f1","2001_2020",3940,368,1,247,2139,16609,8973,606,2600,822,3180,1608,6,188,NA,788,7561,8940,1,8769,6578,5746,NA,NA,2,569,5221,828,NA,1362,NA,539,NA,NA,NA,NA,105,NA,NA,NA,NA,NA,NA,NA,NA,NA,NA,NA,NA,NA,NA,NA,NA,NA,NA,NA
30,"MRI-ESM2-0","ssp245","ensembleMean","2001_2020",4381,224,7,116,1865,17829,6568,1383,1867,720,2747,1376,NA,134,NA,636,9286,9450,1,8205,7756,6478,1,NA,1,325,5087,563,3,1148,NA,138,NA,NA,NA,NA,1,NA,NA,NA,NA,NA,NA,NA,NA,NA,NA,NA,NA,NA,NA,NA,NA,NA,NA,NA
31,"MRI-ESM2-0","ssp245","r1i1p1f1","2001_2020",4381,224,7,116,1865,17829,6568,1383,1867,720,2747,1376,NA,134,NA,636,9286,9450,1,8205,7756,6478,1,NA,1,325,5087,563,3,1148,NA,138,NA,NA,NA,NA,1,NA,NA,NA,NA,NA,NA,NA,NA,NA,NA,NA,NA,NA,NA,NA,NA,NA,NA,NA
32,"ensembleMean","ssp245","ensembleMean","2001_2020",4907,279,8,96,2103,19690,4617,1311,1431,740,2816,1717,4,92,NA,412,8473,9422,NA,7616,8698,6425,1,NA,2,212,5208,809,4,1126,NA,72,NA,NA,NA,NA,5,NA,NA,NA,NA,NA,NA,NA,NA,NA,NA,NA,NA,NA,NA,NA,NA,NA,NA,NA
33,"ACCESS-ESM1-5","ssp245","ensembleMean","2021_2040",141,NA,NA,46,254,3261,12529,1213,7576,303,1683,1206,NA,1,NA,4112,8281,4522,NA,18133,704,5827,NA,NA,NA,401,1434,242,NA,9495,38,502,NA,11,1014,17,5322,17,NA,5,NA,NA,NA,3,NA,NA,3,NA,NA,NA,NA,NA,NA,NA,NA,NA
34,"ACCESS-ESM1-5","ssp245","r10i1p1f1","2021_2040",121,NA,NA,47,269,4587,9725,991,10621,216,1606,1122,NA,1,NA,2930,8781,4640,NA,13831,819,5733,NA,NA,NA,338,1386,182,NA,12900,41,447,NA,12,1036,19,5867,17,NA,6,NA,NA,NA,5,NA,NA,NA,NA,NA,NA,NA,NA,NA,NA,NA,NA
35,"ACCESS-ESM1-5","ssp245","r1i1p1f1","2021_2040",124,NA,NA,64,183,1885,13942,957,9627,136,1863,1255,NA,NA,NA,7955,4388,3850,NA,12451,910,6142,NA,NA,NA,574,1211,288,NA,11414,67,595,NA,26,1338,49,6904,59,NA,7,NA,NA,1,31,NA,NA,NA,NA,NA,NA,NA,NA,NA,NA,NA,NA
36,"ACCESS-ESM1-5","ssp245","r2i1p1f1","2021_2040",140,NA,NA,86,149,1970,17078,1329,2881,170,1145,545,12,NA,NA,11076,2907,1833,100,27640,860,5325,NA,NA,NA,1383,890,271,4,5616,125,108,NA,36,1308,NA,3202,53,NA,14,6,NA,2,26,2,NA,1,NA,3,NA,NA,NA,NA,NA,NA,NA
37,"CNRM-ESM2-1","ssp245","ensembleMean","2021_2040",439,63,NA,60,1356,15910,8766,713,6013,667,1488,1242,1,279,NA,1453,10765,9034,NA,15620,2521,4742,1,NA,NA,287,3780,360,NA,1763,NA,593,NA,NA,8,NA,372,NA,NA,NA,NA,NA,NA,NA,NA,NA,NA,NA,NA,NA,NA,NA,NA,NA,NA,NA
38,"CNRM-ESM2-1","ssp245","r1i1p1f2","2021_2040",417,70,NA,168,1155,10198,15061,688,3497,754,1680,1442,NA,30,NA,3407,9394,7113,NA,19220,1967,3737,1,NA,NA,1113,3004,525,2,1766,1,520,NA,NA,3,NA,1363,NA,NA,NA,NA,NA,NA,NA,NA,NA,NA,NA,NA,NA,NA,NA,NA,NA,NA,NA
39,"CNRM-ESM2-1","ssp245","r2i1p1f2","2021_2040",1719,49,NA,18,1307,18053,4127,1757,3967,333,1561,1908,32,542,NA,734,8904,9846,NA,15028,6441,4624,1,NA,NA,75,3673,565,NA,2196,NA,533,NA,NA,NA,NA,303,NA,NA,NA,NA,NA,NA,NA,NA,NA,NA,NA,NA,NA,NA,NA,NA,NA,NA,NA
40,"CNRM-ESM2-1","ssp245","r3i1p1f2","2021_2040",854,142,NA,80,1507,14070,3720,458,9295,661,1721,992,NA,1235,NA,819,11168,9461,NA,12549,5236,5303,NA,NA,NA,293,4353,303,NA,2515,NA,1104,NA,NA,NA,NA,457,NA,NA,NA,NA,NA,NA,NA,NA,NA,NA,NA,NA,NA,NA,NA,NA,NA,NA,NA
41,"EC-Earth3","ssp245","ensembleMean","2021_2040",348,20,NA,49,1039,15346,6848,452,9438,601,1365,898,NA,488,NA,1144,11986,9094,NA,14537,1740,4867,NA,NA,NA,295,3308,212,NA,3068,NA,486,NA,NA,18,NA,649,NA,NA,NA,NA,NA,NA,NA,NA,NA,NA,NA,NA,NA,NA,NA,NA,NA,NA,NA
42,"EC-Earth3","ssp245","r15i1p1f1","2021_2040",1070,40,5,130,1444,13724,12041,812,4403,705,1725,786,NA,122,2,2204,11754,8806,16,11408,2526,6313,NA,NA,NA,735,4310,393,2,1732,NA,1017,NA,NA,NA,NA,71,NA,NA,NA,NA,NA,NA,NA,NA,NA,NA,NA,NA,NA,NA,NA,NA,NA,NA,NA
43,"EC-Earth3","ssp245","r1i1p1f1","2021_2040",321,4,NA,11,867,16787,4537,871,10220,121,964,1085,NA,1454,NA,153,14344,9191,NA,13493,1673,4038,NA,NA,NA,65,3007,181,NA,3945,NA,574,NA,NA,10,NA,377,NA,NA,NA,NA,NA,NA,NA,NA,NA,NA,NA,NA,3,NA,NA,NA,NA,NA,NA
44,"EC-Earth3","ssp245","r4i1p1f1","2021_2040",196,47,NA,189,1069,7264,11818,57,12832,1048,1969,383,NA,93,NA,4438,9173,6562,NA,13112,1248,3710,NA,NA,NA,1252,2785,149,NA,4914,NA,900,NA,NA,34,NA,3054,NA,NA,NA,NA,NA,NA,NA,NA,NA,NA,NA,NA,NA,NA,NA,NA,NA,NA,NA
45,"GFDL-ESM4","ssp245","ensembleMean","2021_2040",934,152,NA,83,1261,10536,6717,687,9575,786,2231,1090,2,354,NA,1446,10484,7714,NA,15439,2943,6249,NA,NA,NA,398,3549,280,NA,3404,1,1019,NA,NA,14,NA,948,NA,NA,NA,NA,NA,NA,NA,NA,NA,NA,NA,NA,NA,NA,NA,NA,NA,NA,NA
46,"GFDL-ESM4","ssp245","r1i1p1f1","2021_2040",1154,109,6,58,1209,13373,5386,681,6469,583,1815,1320,NA,780,NA,884,10190,8509,NA,17694,3947,5824,1,NA,NA,271,3592,336,NA,2938,1,560,NA,NA,5,NA,601,NA,NA,NA,NA,NA,NA,NA,NA,NA,NA,NA,NA,NA,NA,NA,NA,NA,NA,NA
47,"GFDL-ESM4","ssp245","r2i1p1f1","2021_2040",2330,53,2,82,1447,12739,5944,1071,6283,953,2989,1552,9,227,NA,803,9231,7886,NA,13752,4470,6669,NA,NA,NA,257,3935,458,2,3196,4,1133,NA,NA,4,NA,815,NA,NA,NA,NA,NA,NA,NA,NA,NA,NA,NA,NA,NA,NA,NA,NA,NA,NA,NA
48,"GFDL-ESM4","ssp245","r3i1p1f1","2021_2040",339,15,NA,167,1042,5900,9773,350,14290,842,1918,523,1,133,NA,3386,10814,6248,NA,13384,1545,5976,NA,NA,NA,893,2978,117,NA,4243,3,1386,NA,NA,131,NA,1899,NA,NA,NA,NA,NA,NA,NA,NA,NA,NA,NA,NA,NA,NA,NA,NA,NA,NA,NA
49,"GISS-E2-1-G","ssp245","ensembleMean","2021_2040",729,NA,9,NA,620,19204,2532,2441,5691,232,1014,1233,131,861,2,19,16082,8557,2,14210,3452,5606,NA,NA,NA,3,2925,171,11,1979,NA,451,NA,NA,10,NA,114,NA,NA,NA,NA,NA,NA,NA,NA,NA,NA,NA,NA,5,NA,NA,NA,NA,NA,NA
50,"GISS-E2-1-G","ssp245","r1i1p3f1","2021_2040",352,NA,NA,36,686,12574,5033,2288,11026,238,1635,1159,NA,157,NA,892,12923,7640,NA,15566,2031,6345,NA,NA,NA,137,2826,154,3,2993,NA,885,NA,NA,51,NA,666,NA,NA,NA,NA,NA,NA,NA,NA,NA,NA,NA,NA,NA,NA,NA,NA,NA,NA,NA
51,"GISS-E2-1-G","ssp245","r2i1p3f1","2021_2040",211,NA,3,5,914,20840,4000,1471,6567,167,862,983,4,1113,12,89,18367,8891,1,13550,870,3917,NA,NA,NA,11,3079,128,NA,1477,NA,646,NA,NA,24,NA,94,NA,NA,NA,NA,NA,NA,NA,NA,NA,NA,NA,NA,NA,NA,NA,NA,NA,NA,NA
52,"GISS-E2-1-G","ssp245","r3i1p3f1","2021_2040",3905,22,19,1,505,22133,1546,2746,1021,332,1032,1769,331,220,6,27,14465,9436,17,10658,8376,5040,NA,NA,NA,6,2975,360,66,1223,NA,56,NA,NA,NA,NA,NA,NA,NA,NA,NA,NA,NA,NA,NA,NA,NA,NA,NA,NA,1,2,NA,NA,NA,NA
53,"MIROC6","ssp245","ensembleMean","2021_2040",383,18,NA,63,1054,10447,5980,573,12720,758,1734,1046,1,805,NA,552,13624,7614,NA,14683,1613,5838,NA,NA,NA,254,3261,210,NA,3637,NA,420,NA,NA,31,NA,975,NA,NA,NA,NA,NA,NA,NA,NA,NA,NA,NA,NA,2,NA,NA,NA,NA,NA,NA
54,"MIROC6","ssp245","r1i1p1f1","2021_2040",1915,33,10,NA,956,17940,1986,2118,5188,228,1223,1216,63,1040,5,1,15848,8913,3,12059,5034,6128,NA,NA,NA,1,3503,264,7,2290,NA,271,NA,NA,NA,NA,29,NA,NA,NA,NA,NA,NA,NA,NA,NA,NA,NA,NA,24,NA,NA,NA,NA,NA,NA
55,"MIROC6","ssp245","r2i1p1f1","2021_2040",196,27,NA,184,804,3224,11943,264,14174,813,1215,698,1,622,NA,4300,10566,5153,NA,17394,939,4291,NA,NA,NA,1314,2216,135,NA,4552,NA,1023,NA,NA,126,NA,2117,NA,NA,NA,NA,4,NA,NA,NA,NA,NA,NA,NA,1,NA,NA,NA,NA,NA,NA
56,"MIROC6","ssp245","r3i1p1f1","2021_2040",131,4,NA,126,1188,9373,8282,374,14690,944,1789,743,NA,599,NA,1581,12958,7449,NA,10463,902,3562,NA,NA,NA,471,3222,143,NA,5430,NA,431,NA,NA,65,NA,3376,NA,NA,NA,NA,NA,NA,NA,NA,NA,NA,NA,NA,NA,NA,NA,NA,NA,NA,NA
57,"MPI-ESM1-2-HR","ssp245","ensembleMean","2021_2040",553,56,NA,180,1331,15252,10307,747,5403,599,1720,1625,5,164,NA,2057,9141,8709,NA,15701,2249,3821,1,NA,NA,678,3399,519,NA,2289,1,368,NA,NA,3,NA,1418,NA,NA,NA,NA,NA,NA,NA,NA,NA,NA,NA,NA,NA,NA,NA,NA,NA,NA,NA
58,"MPI-ESM1-2-HR","ssp245","r1i1p1f1","2021_2040",2790,40,1,88,1216,17637,6397,1420,3396,575,2748,2264,39,80,NA,297,8827,8632,NA,12664,4490,6140,NA,NA,NA,172,3574,787,1,2881,NA,247,NA,NA,NA,NA,893,NA,NA,NA,NA,NA,NA,NA,NA,NA,NA,NA,NA,NA,NA,NA,NA,NA,NA,NA
59,"MPI-ESM1-2-HR","ssp245","r2i1p1f1","2021_2040",137,17,NA,264,1257,9899,17354,399,7302,243,658,1038,1,135,NA,5844,8852,7752,NA,16288,608,989,NA,NA,NA,1304,3014,304,NA,1804,NA,512,NA,NA,11,NA,2310,NA,NA,NA,NA,NA,NA,NA,NA,NA,NA,NA,NA,NA,NA,NA,NA,NA,NA,NA
60,"MRI-ESM2-0","ssp245","ensembleMean","2021_2040",223,11,NA,119,691,5498,12360,385,11456,868,1570,769,NA,193,NA,3336,10878,6309,NA,15509,1215,3755,NA,NA,NA,808,2261,150,NA,5603,NA,667,NA,NA,77,NA,3584,NA,NA,NA,NA,1,NA,NA,NA,NA,NA,NA,NA,NA,NA,NA,NA,NA,NA,NA
61,"MRI-ESM2-0","ssp245","r1i1p1f1","2021_2040",223,11,NA,119,691,5498,12360,385,11456,868,1570,769,NA,193,NA,3336,10878,6309,NA,15509,1215,3755,NA,NA,NA,808,2261,150,NA,5603,NA,667,NA,NA,77,NA,3584,NA,NA,NA,NA,1,NA,NA,NA,NA,NA,NA,NA,NA,NA,NA,NA,NA,NA,NA
62,"ensembleMean","ssp245","ensembleMean","2021_2040",442,11,NA,57,991,12669,6908,793,8891,669,1709,1194,NA,278,NA,1088,11731,7828,NA,16739,1966,5819,NA,NA,NA,258,2989,239,NA,3364,NA,595,NA,NA,30,NA,1038,NA,NA,NA,NA,NA,NA,NA,NA,NA,NA,NA,NA,NA,NA,NA,NA,NA,NA,NA
63,"ACCESS-ESM1-5","ssp245","ensembleMean","2041_2060",5,NA,NA,32,29,237,16019,293,5526,253,495,233,NA,NA,NA,9999,1911,944,1,14096,77,2932,NA,NA,NA,760,256,30,NA,19849,69,315,NA,11,6168,NA,7617,26,NA,11,11,56,1,23,NA,NA,8,NA,NA,NA,NA,NA,3,NA,NA,NA
64,"ACCESS-ESM1-5","ssp245","r10i1p1f1","2041_2060",3,NA,NA,NA,20,3571,8435,2019,8981,56,399,841,37,9,NA,1007,12311,2231,3,12455,152,4409,NA,NA,NA,53,271,31,3,20265,NA,339,NA,NA,4523,NA,5773,NA,NA,NA,NA,85,NA,NA,NA,NA,9,NA,NA,NA,NA,NA,5,NA,NA,NA
65,"ACCESS-ESM1-5","ssp245","r1i1p1f1","2041_2060",2,NA,NA,62,5,118,17650,169,4055,137,122,113,NA,NA,NA,9050,1325,385,NA,12411,19,1858,NA,NA,NA,869,93,12,NA,24351,83,209,NA,5,9188,NA,5630,15,NA,22,9,288,NA,27,NA,NA,1,13,NA,NA,NA,NA,NA,NA,NA,NA
66,"ACCESS-ESM1-5","ssp245","r2i1p1f1","2041_2060",3,NA,NA,59,18,13,16611,52,5793,235,337,38,NA,NA,NA,10249,539,543,NA,5059,32,2219,NA,NA,NA,862,203,3,NA,27627,97,361,NA,5,8947,NA,8119,16,NA,15,57,133,NA,25,NA,NA,NA,26,NA,NA,NA,NA,NA,NA,NA,NA
67,"CNRM-ESM2-1","ssp245","ensembleMean","2041_2060",207,NA,NA,15,709,13875,5651,2008,9530,426,1053,969,5,520,NA,1102,13412,8127,NA,16311,1312,5051,NA,NA,NA,138,2701,146,NA,3479,NA,531,NA,NA,49,NA,968,1,NA,NA,NA,NA,NA,NA,NA,NA,NA,NA,NA,NA,NA,NA,NA,NA,NA,NA
68,"CNRM-ESM2-1","ssp245","r1i1p1f2","2041_2060",210,3,NA,77,893,10901,9175,352,10816,624,1570,442,NA,214,NA,3152,11008,7773,NA,13571,1520,5269,NA,NA,NA,562,3103,146,NA,4220,NA,947,1,NA,46,NA,1693,6,NA,NA,NA,NA,NA,NA,NA,NA,NA,NA,2,NA,NA,NA,NA,NA,NA,NA
69,"CNRM-ESM2-1","ssp245","r2i1p1f2","2041_2060",117,1,NA,34,892,16332,10657,1177,5882,188,885,1418,2,308,NA,1467,13214,9596,NA,14780,836,3446,NA,NA,NA,193,3187,265,1,1824,NA,382,NA,NA,6,NA,1204,2,NA,NA,NA,NA,NA,NA,NA,NA,NA,NA,NA,NA,NA,NA,NA,NA,NA,NA
70,"CNRM-ESM2-1","ssp245","r3i1p1f2","2041_2060",385,2,NA,3,678,16995,5448,2485,6545,292,926,951,81,554,1,554,14844,8516,3,16640,2258,4654,NA,NA,NA,99,2749,145,NA,1792,NA,477,NA,NA,33,NA,185,NA,NA,NA,NA,NA,NA,NA,NA,NA,NA,NA,NA,NA,NA,1,NA,NA,NA,NA
71,"EC-Earth3","ssp245","ensembleMean","2041_2060",162,NA,NA,12,360,11826,3758,799,16451,113,777,359,NA,973,NA,1337,14430,6705,NA,9980,793,4694,NA,NA,NA,153,1982,30,NA,9217,NA,929,NA,NA,316,NA,2139,1,NA,NA,NA,NA,NA,NA,NA,NA,NA,NA,NA,NA,NA,NA,NA,NA,NA,NA
72,"EC-Earth3","ssp245","r15i1p1f1","2041_2060",230,1,NA,11,564,12436,4664,1021,12506,417,1270,626,NA,574,NA,1238,13393,7393,NA,12647,1316,5188,NA,NA,NA,185,2414,88,NA,7073,NA,466,NA,NA,118,NA,2457,NA,NA,NA,NA,NA,NA,NA,NA,NA,NA,NA,NA,NA,NA,NA,NA,NA,NA,NA
73,"EC-Earth3","ssp245","r1i1p1f1","2041_2060",94,NA,NA,19,321,8615,4783,365,21222,94,632,70,NA,989,NA,2113,15071,6409,NA,4687,211,4005,NA,NA,NA,268,2044,11,NA,10968,NA,1555,NA,NA,1036,NA,2712,1,NA,NA,1,NA,NA,NA,NA,NA,NA,NA,NA,NA,NA,NA,NA,NA,NA,NA
74,"EC-Earth3","ssp245","r4i1p1f1","2041_2060",524,NA,NA,5,359,15263,1427,1756,13174,48,742,829,8,1333,NA,244,15249,6801,NA,10032,1766,4863,NA,NA,NA,44,1899,64,NA,9495,NA,316,NA,NA,112,NA,1942,1,NA,NA,NA,NA,NA,NA,NA,NA,NA,NA,NA,NA,NA,NA,NA,NA,NA,NA
75,"GFDL-ESM4","ssp245","ensembleMean","2041_2060",148,NA,NA,67,652,5122,6548,347,21369,548,1465,512,7,638,NA,1482,13331,5749,NA,7701,555,4986,NA,NA,NA,372,2322,51,NA,9337,NA,1482,NA,NA,389,NA,3116,NA,NA,NA,NA,NA,NA,NA,NA,NA,NA,NA,NA,NA,NA,NA,NA,NA,NA,NA
76,"GFDL-ESM4","ssp245","r1i1p1f1","2041_2060",116,NA,NA,64,579,4959,5932,207,24637,375,1044,428,10,1339,NA,1305,13804,5952,NA,4265,422,3534,NA,NA,NA,319,2165,36,NA,11668,NA,2117,NA,NA,422,NA,2595,NA,NA,NA,NA,NA,NA,NA,NA,NA,NA,NA,NA,2,NA,NA,NA,NA,NA,NA
77,"GFDL-ESM4","ssp245","r2i1p1f1","2041_2060",220,2,NA,70,831,5955,7195,629,17727,533,1679,720,2,410,NA,1784,12283,6343,NA,10816,1015,5897,NA,NA,NA,428,2514,78,NA,7336,NA,1164,NA,NA,205,NA,2460,NA,NA,NA,NA,NA,NA,NA,NA,NA,NA,NA,NA,NA,NA,NA,NA,NA,NA,NA
78,"GFDL-ESM4","ssp245","r3i1p1f1","2041_2060",126,NA,NA,85,530,3625,8198,189,20370,706,1539,316,8,291,NA,2287,13389,4495,NA,8062,397,4409,NA,NA,NA,677,2050,32,NA,9927,NA,1383,NA,NA,1022,NA,4183,NA,NA,NA,NA,NA,NA,NA,NA,NA,NA,NA,NA,NA,NA,NA,NA,NA,NA,NA
79,"GISS-E2-1-G","ssp245","ensembleMean","2041_2060",134,NA,1,NA,282,14208,2862,2192,13680,174,663,800,6,846,5,108,20001,6880,NA,14171,379,4587,NA,NA,NA,13,2014,45,4,2876,NA,632,NA,NA,242,NA,484,NA,NA,NA,NA,NA,NA,NA,NA,NA,NA,NA,NA,7,NA,NA,NA,NA,NA,NA
80,"GISS-E2-1-G","ssp245","r1i1p3f1","2041_2060",44,NA,NA,1,468,11682,3497,652,21247,82,503,392,NA,1808,2,652,18594,7203,NA,8695,139,2177,NA,NA,NA,95,2335,43,NA,5595,NA,1236,NA,NA,621,NA,531,NA,NA,NA,NA,NA,NA,NA,NA,NA,NA,NA,NA,2,NA,NA,NA,NA,NA,NA
81,"GISS-E2-1-G","ssp245","r2i1p3f1","2041_2060",138,NA,19,31,135,10937,6658,3868,8393,422,1081,694,105,12,NA,1397,17553,6264,132,17005,1321,6447,NA,NA,NA,200,1526,162,42,2179,NA,136,NA,NA,678,NA,761,NA,NA,NA,NA,NA,NA,NA,NA,NA,NA,NA,NA,NA,NA,NA,NA,NA,NA,NA
82,"GISS-E2-1-G","ssp245","r3i1p3f1","2041_2060",251,NA,5,NA,203,19490,2273,2365,8833,86,562,933,133,1238,9,5,21226,6830,NA,13245,869,4208,NA,NA,NA,NA,1648,51,8,3045,NA,481,NA,NA,75,NA,189,NA,NA,NA,NA,NA,NA,NA,NA,NA,NA,NA,NA,35,NA,NA,NA,NA,NA,NA
83,"MIROC6","ssp245","ensembleMean","2041_2060",79,1,NA,58,597,7119,6516,256,18310,589,1161,488,NA,854,NA,1591,13935,6226,NA,11803,415,4418,NA,NA,NA,342,2445,63,NA,6928,NA,1282,NA,NA,376,NA,2434,NA,NA,NA,NA,NA,NA,NA,NA,NA,NA,NA,NA,10,NA,NA,NA,NA,NA,NA
84,"MIROC6","ssp245","r1i1p1f1","2041_2060",72,NA,NA,23,642,11527,4105,507,18381,148,771,649,NA,2499,1,224,17083,7626,NA,10685,475,2641,NA,NA,NA,101,2552,77,NA,5646,NA,1040,NA,NA,167,NA,630,NA,NA,NA,NA,NA,NA,NA,NA,NA,NA,NA,NA,24,NA,NA,NA,NA,NA,NA
85,"MIROC6","ssp245","r2i1p1f1","2041_2060",85,NA,NA,209,383,1366,13318,61,15890,654,597,262,10,128,NA,7535,7631,2902,NA,13776,157,2320,NA,NA,NA,1556,1415,36,NA,9397,NA,1905,NA,NA,1231,NA,5470,NA,NA,NA,NA,2,NA,NA,NA,NA,NA,NA,NA,NA,NA,NA,NA,NA,NA,NA
86,"MIROC6","ssp245","r3i1p1f1","2041_2060",96,NA,NA,49,638,6477,6844,526,17136,630,1933,460,NA,560,NA,1542,14144,6408,NA,10352,906,5593,NA,NA,NA,327,2760,49,2,6266,NA,1179,NA,NA,251,NA,3167,NA,NA,NA,NA,NA,NA,NA,NA,NA,NA,NA,NA,1,NA,NA,NA,NA,NA,NA
87,"MPI-ESM1-2-HR","ssp245","ensembleMean","2041_2060",142,9,NA,162,796,7235,10496,504,13171,810,1449,859,NA,103,NA,2481,12112,6041,NA,16235,906,3814,NA,NA,NA,897,2370,166,NA,4581,2,596,NA,NA,105,NA,2253,1,NA,NA,NA,NA,NA,NA,NA,NA,NA,NA,NA,NA,NA,NA,NA,NA,NA,NA
88,"MPI-ESM1-2-HR","ssp245","r1i1p1f1","2041_2060",175,17,8,75,646,9111,8231,1133,11059,462,1105,1049,16,205,5,1699,13245,6989,1,19619,1352,5451,NA,NA,NA,394,2762,255,7,1980,3,737,NA,NA,31,NA,474,NA,NA,NA,NA,NA,NA,NA,NA,NA,NA,NA,NA,NA,NA,NA,NA,NA,NA,NA
89,"MPI-ESM1-2-HR","ssp245","r2i1p1f1","2041_2060",127,5,NA,343,638,2784,13812,269,19127,643,1569,588,1,31,NA,4736,10293,4746,NA,7270,565,2202,NA,NA,NA,1399,1976,128,NA,8930,NA,360,NA,NA,398,NA,5346,10,NA,NA,NA,NA,NA,NA,NA,NA,NA,NA,NA,NA,NA,NA,NA,NA,NA,NA
90,"MRI-ESM2-0","ssp245","ensembleMean","2041_2060",96,NA,NA,17,238,10707,5962,2018,12541,390,729,395,1,269,7,1469,18526,6014,11,17986,450,5466,NA,NA,NA,174,1556,32,2,1895,NA,235,NA,NA,512,NA,598,NA,NA,NA,NA,NA,NA,NA,NA,NA,NA,NA,NA,NA,NA,NA,NA,NA,NA,NA
91,"MRI-ESM2-0","ssp245","r1i1p1f1","2041_2060",96,NA,NA,17,238,10707,5962,2018,12541,390,729,395,1,269,7,1469,18526,6014,11,17986,450,5466,NA,NA,NA,174,1556,32,2,1895,NA,235,NA,NA,512,NA,598,NA,NA,NA,NA,NA,NA,NA,NA,NA,NA,NA,NA,NA,NA,NA,NA,NA,NA,NA
92,"ensembleMean","ssp245","ensembleMean","2041_2060",126,NA,NA,20,384,9207,6059,882,14099,363,1042,634,NA,232,NA,1378,14498,6008,NA,15411,651,5412,NA,NA,NA,192,2104,67,NA,6274,NA,857,NA,NA,380,NA,2016,NA,NA,NA,NA,NA,NA,NA,NA,NA,NA,NA,NA,NA,NA,NA,NA,NA,NA,NA
93,"ACCESS-ESM1-5","ssp245","ensembleMean","2061_2080",NA,NA,NA,NA,10,524,15405,336,6363,61,298,131,NA,NA,NA,7020,4035,878,NA,13215,18,3219,NA,NA,NA,224,123,6,1,23503,7,470,NA,1,8869,NA,3564,1,NA,NA,NA,NA,NA,11,NA,NA,3,NA,NA,NA,NA,NA,NA,NA,NA,NA
94,"ACCESS-ESM1-5","ssp245","r10i1p1f1","2061_2080",NA,NA,1,NA,9,5471,3706,1260,12021,46,439,291,3,87,NA,324,14095,1894,NA,1001,217,3795,NA,NA,NA,1,162,7,1,33736,NA,719,NA,NA,6773,NA,2216,NA,NA,NA,NA,NA,NA,14,NA,NA,1,4,NA,2,NA,NA,NA,NA,NA,NA
95,"ACCESS-ESM1-5","ssp245","r1i1p1f1","2061_2080",NA,NA,NA,NA,15,668,14395,333,7911,23,83,100,NA,9,NA,5458,9475,1123,2,16978,7,2176,NA,NA,NA,254,150,6,NA,17757,NA,536,NA,NA,8491,NA,2309,NA,NA,NA,NA,37,NA,NA,NA,NA,NA,NA,NA,NA,NA,NA,NA,NA,NA,NA
96,"ACCESS-ESM1-5","ssp245","r2i1p1f1","2061_2080",NA,NA,NA,88,NA,NA,16396,4,1004,61,66,12,NA,NA,NA,6203,5,19,NA,1290,14,847,NA,NA,NA,627,12,NA,NA,35864,69,194,NA,3,12228,NA,11531,14,9,33,238,1365,NA,55,13,NA,NA,28,NA,NA,NA,NA,4,NA,NA,NA
97,"CNRM-ESM2-1","ssp245","ensembleMean","2061_2080",56,NA,NA,2,354,9323,5360,438,20171,401,736,491,NA,943,NA,806,16984,6211,NA,10103,143,3390,NA,NA,NA,97,2025,33,NA,6927,NA,1009,NA,NA,563,NA,1724,NA,NA,NA,NA,NA,NA,NA,NA,NA,NA,NA,NA,6,NA,NA,NA,NA,NA,NA
98,"CNRM-ESM2-1","ssp245","r1i1p1f2","2061_2080",37,NA,NA,2,411,10991,6153,283,17755,251,560,428,NA,1007,NA,983,17305,6569,NA,13452,91,1826,NA,NA,NA,118,1945,38,NA,5663,NA,792,NA,NA,448,NA,1184,NA,NA,NA,NA,NA,NA,NA,NA,NA,NA,NA,NA,4,NA,NA,NA,NA,NA,NA
99,"CNRM-ESM2-1","ssp245","r2i1p1f2","2061_2080",11,NA,NA,106,395,2656,15708,102,18299,274,198,321,NA,176,NA,8293,9702,3885,NA,11681,27,252,NA,NA,NA,1265,1568,36,NA,6360,NA,882,NA,NA,1667,NA,4432,NA,NA,NA,NA,NA,NA,NA,NA,NA,NA,NA,NA,NA,NA,NA,NA,NA,NA,NA
100,"CNRM-ESM2-1","ssp245","r3i1p1f2","2061_2080",42,NA,NA,4,301,11071,3610,818,20535,121,549,364,NA,1376,3,679,19914,6460,NA,9915,99,2773,NA,NA,NA,73,1973,19,NA,5218,NA,884,NA,NA,579,NA,899,NA,NA,NA,NA,NA,NA,NA,NA,NA,NA,NA,NA,17,NA,NA,NA,NA,NA,NA
101,"EC-Earth3","ssp245","ensembleMean","2061_2080",20,NA,NA,2,135,6506,4477,24,25116,94,323,51,NA,1300,9,1475,19198,4687,NA,6245,16,1973,NA,NA,NA,113,1305,7,NA,10036,NA,1836,NA,NA,2198,NA,1123,NA,NA,NA,NA,NA,NA,NA,NA,NA,NA,NA,NA,25,NA,NA,NA,2,NA,NA
102,"EC-Earth3","ssp245","r15i1p1f1","2061_2080",17,NA,NA,1,154,5574,3228,55,27635,24,339,80,NA,1761,22,949,21151,4748,NA,2821,8,1911,NA,NA,NA,84,1339,6,NA,11093,NA,1852,NA,NA,2472,NA,900,NA,NA,NA,NA,NA,NA,NA,NA,NA,NA,NA,NA,59,NA,NA,NA,13,NA,NA
103,"EC-Earth3","ssp245","r1i1p1f1","2061_2080",34,NA,NA,1,169,8560,4604,168,22435,92,345,103,NA,622,8,1571,19015,4764,NA,9088,27,2750,NA,NA,NA,98,1260,7,NA,8137,NA,1179,NA,NA,2120,NA,1138,NA,NA,NA,NA,NA,NA,NA,NA,NA,NA,NA,NA,1,NA,NA,NA,NA,NA,NA
104,"EC-Earth3","ssp245","r4i1p1f1","2061_2080",35,NA,NA,9,160,3843,6655,NA,25795,390,514,23,NA,608,NA,3149,12942,4096,NA,1863,85,2498,NA,NA,NA,278,1338,NA,NA,15411,NA,2109,NA,NA,2761,3,3728,1,NA,NA,NA,2,NA,NA,NA,NA,NA,NA,NA,NA,NA,NA,NA,NA,NA,NA
105,"GFDL-ESM4","ssp245","ensembleMean","2061_2080",73,NA,NA,39,459,5530,7888,308,18510,419,960,419,1,372,NA,2140,13088,5073,NA,11422,235,4130,NA,NA,NA,300,2025,35,NA,9070,NA,1335,NA,NA,918,NA,3545,NA,NA,NA,NA,NA,NA,NA,NA,NA,NA,NA,NA,2,NA,NA,NA,NA,NA,NA
106,"GFDL-ESM4","ssp245","r1i1p1f1","2061_2080",128,NA,NA,75,599,4455,9879,84,16596,592,1237,336,1,181,NA,3728,10384,5286,NA,11734,525,4460,NA,NA,NA,588,2124,45,NA,9081,NA,1585,NA,NA,724,NA,3864,5,NA,NA,NA,NA,NA,NA,NA,NA,NA,NA,NA,NA,NA,NA,NA,NA,NA,NA
107,"GFDL-ESM4","ssp245","r2i1p1f1","2061_2080",71,NA,NA,29,492,5430,8917,422,17744,373,1119,420,NA,121,NA,2938,11699,5212,NA,10086,297,4281,NA,NA,NA,312,2012,37,NA,9600,NA,1244,NA,NA,1212,NA,4228,NA,NA,NA,NA,NA,NA,NA,NA,NA,NA,NA,NA,NA,NA,NA,NA,NA,NA,NA
108,"GFDL-ESM4","ssp245","r3i1p1f1","2061_2080",32,NA,NA,22,292,5315,5767,464,22178,464,731,373,5,673,5,1136,16385,4485,NA,10314,70,3458,NA,NA,NA,195,1649,17,NA,9488,NA,1196,NA,NA,1208,NA,2320,NA,NA,NA,NA,NA,NA,NA,NA,NA,NA,NA,NA,52,NA,NA,NA,2,NA,NA
109,"GISS-E2-1-G","ssp245","ensembleMean","2061_2080",20,NA,NA,NA,210,9554,3730,780,21373,101,415,385,NA,940,19,487,21379,5641,6,12303,22,2112,NA,NA,NA,35,1645,11,NA,3971,NA,1347,NA,NA,1138,NA,564,NA,NA,NA,NA,NA,NA,NA,NA,NA,NA,NA,NA,107,NA,NA,NA,1,NA,NA
110,"GISS-E2-1-G","ssp245","r1i1p3f1","2061_2080",6,NA,NA,50,185,2064,15486,52,14016,271,388,120,NA,67,NA,7458,11420,2829,NA,15601,13,1955,NA,NA,NA,996,1203,33,NA,5995,NA,861,NA,NA,3724,NA,3502,NA,NA,NA,NA,NA,NA,NA,NA,NA,NA,NA,1,NA,NA,NA,NA,NA,NA,NA
111,"GISS-E2-1-G","ssp245","r2i1p3f1","2061_2080",34,NA,NA,NA,101,9336,2487,1652,20376,12,316,453,104,1744,86,74,25118,5112,6,7077,34,3590,NA,NA,NA,5,1382,14,15,6074,NA,1104,NA,NA,1202,NA,485,NA,NA,NA,NA,NA,NA,NA,NA,NA,NA,NA,NA,298,NA,NA,NA,4,1,NA
112,"GISS-E2-1-G","ssp245","r3i1p3f1","2061_2080",3,NA,NA,10,176,9664,3211,61,23894,54,138,89,NA,1839,13,1037,20506,5114,NA,11817,17,219,NA,NA,NA,56,1370,5,NA,5129,NA,2041,NA,NA,1511,NA,174,NA,NA,NA,NA,NA,NA,NA,NA,NA,NA,NA,NA,138,NA,NA,NA,10,NA,NA
113,"MIROC6","ssp245","ensembleMean","2061_2080",73,NA,NA,69,394,3453,8867,156,20817,794,1359,206,NA,156,NA,3503,12149,4688,NA,4345,175,3921,NA,NA,NA,534,2133,17,1,11433,NA,1826,NA,NA,1953,NA,5274,NA,NA,NA,NA,NA,NA,NA,NA,NA,NA,NA,NA,NA,NA,NA,NA,NA,NA,NA
114,"MIROC6","ssp245","r1i1p1f1","2061_2080",66,NA,NA,65,419,3689,8318,78,22173,563,1049,151,NA,219,NA,3068,13714,4846,NA,4591,122,4085,NA,NA,NA,540,2175,18,1,10550,NA,1762,NA,NA,1929,NA,4103,1,NA,NA,NA,NA,NA,NA,NA,NA,NA,NA,NA,1,NA,NA,NA,NA,NA,NA
115,"MIROC6","ssp245","r2i1p1f1","2061_2080",70,NA,NA,86,313,1828,12990,397,17761,1003,826,316,1,16,NA,6484,8222,3806,NA,4039,103,1893,NA,NA,NA,950,1712,27,NA,12404,NA,1179,NA,NA,2663,NA,8981,1,NA,NA,NA,225,NA,NA,NA,NA,NA,NA,NA,NA,NA,NA,NA,NA,NA,NA
116,"MIROC6","ssp245","r3i1p1f1","2061_2080",78,1,NA,52,402,3971,7099,74,21771,519,1739,145,NA,501,NA,2304,13089,5223,NA,3917,339,4851,NA,NA,NA,341,2272,14,1,11302,NA,2324,NA,NA,1579,NA,4388,NA,NA,NA,NA,NA,NA,NA,NA,NA,NA,NA,NA,NA,NA,NA,NA,NA,NA,NA
117,"MPI-ESM1-2-HR","ssp245","ensembleMean","2061_2080",55,NA,NA,219,335,1394,16632,181,14094,420,423,373,NA,15,NA,8407,7614,3241,NA,15961,110,1205,NA,NA,NA,1689,1271,64,NA,6746,1,643,NA,NA,1743,NA,5433,3,NA,NA,NA,24,NA,NA,NA,NA,NA,NA,NA,NA,NA,NA,NA,NA,NA,NA
118,"MPI-ESM1-2-HR","ssp245","r1i1p1f1","2061_2080",54,1,NA,446,238,512,16842,58,18711,513,544,255,NA,NA,NA,11533,3287,2070,NA,4653,92,1078,NA,NA,NA,2376,934,61,NA,11500,9,806,NA,2,2748,NA,8706,16,NA,NA,3,247,NA,1,NA,NA,NA,NA,NA,NA,NA,NA,NA,NA,NA,NA
119,"MPI-ESM1-2-HR","ssp245","r2i1p1f1","2061_2080",48,1,NA,100,358,3140,16395,423,12877,162,298,534,1,58,2,5620,11450,4332,NA,20602,68,1012,NA,NA,NA,903,1619,78,NA,3760,NA,494,NA,NA,992,NA,2969,NA,NA,NA,NA,NA,NA,NA,NA,NA,NA,NA,NA,NA,NA,NA,NA,NA,NA,NA
120,"MRI-ESM2-0","ssp245","ensembleMean","2061_2080",116,NA,NA,6,164,8046,4403,1574,16972,239,792,516,NA,368,7,445,19222,4819,NA,13474,446,6074,NA,NA,NA,64,1339,13,NA,6227,NA,299,NA,NA,854,NA,1810,NA,NA,NA,NA,NA,NA,NA,NA,NA,NA,NA,NA,7,NA,NA,NA,NA,NA,NA
121,"MRI-ESM2-0","ssp245","r1i1p1f1","2061_2080",116,NA,NA,6,164,8046,4403,1574,16972,239,792,516,NA,368,7,445,19222,4819,NA,13474,446,6074,NA,NA,NA,64,1339,13,NA,6227,NA,299,NA,NA,854,NA,1810,NA,NA,NA,NA,NA,NA,NA,NA,NA,NA,NA,NA,7,NA,NA,NA,NA,NA,NA
122,"ensembleMean","ssp245","ensembleMean","2061_2080",48,NA,NA,11,179,6566,6683,487,18251,280,687,334,NA,233,NA,1750,15627,4532,NA,12141,89,4215,NA,NA,NA,164,1504,19,NA,8636,NA,1033,NA,NA,1973,NA,2854,NA,NA,NA,NA,NA,NA,NA,NA,NA,NA,NA,NA,NA,NA,NA,NA,NA,NA,NA
123,"ACCESS-ESM1-5","ssp245","ensembleMean","2081_2100",NA,NA,NA,4,NA,50,16485,100,1839,24,70,31,NA,NA,NA,6390,1067,168,NA,2063,2,1563,NA,NA,NA,163,32,5,NA,38939,18,256,NA,1,14901,NA,3976,NA,1,5,2,115,NA,15,NA,NA,3,8,NA,NA,NA,NA,NA,NA,NA,NA
124,"ACCESS-ESM1-5","ssp245","r10i1p1f1","2081_2100",NA,NA,NA,17,NA,5,16772,109,457,13,11,32,NA,NA,NA,6739,364,124,NA,2417,3,519,NA,NA,NA,236,24,5,NA,38742,21,177,NA,2,15354,NA,5815,1,NA,5,5,298,NA,25,1,NA,1,2,NA,NA,NA,NA,NA,NA,NA,NA
125,"ACCESS-ESM1-5","ssp245","r1i1p1f1","2081_2100",NA,NA,NA,NA,NA,221,15386,128,2777,13,97,42,NA,NA,NA,6043,1856,320,NA,1069,9,1526,NA,NA,NA,130,44,4,NA,39243,18,433,NA,1,13680,NA,5113,2,4,6,5,91,NA,15,NA,NA,3,16,NA,NA,NA,NA,1,NA,NA,NA
126,"ACCESS-ESM1-5","ssp245","r2i1p1f1","2081_2100",NA,NA,1,NA,NA,2839,8298,967,7110,19,214,115,2,3,NA,759,10974,1071,NA,1526,20,3611,NA,NA,NA,NA,64,2,2,37182,NA,777,NA,NA,10802,NA,1926,NA,NA,NA,NA,NA,NA,NA,NA,NA,10,NA,NA,2,NA,NA,NA,NA,NA,NA
127,"CNRM-ESM2-1","ssp245","ensembleMean","2081_2100",7,NA,NA,2,146,5523,7476,100,24547,244,389,180,NA,376,NA,2486,14983,4229,NA,4201,15,2321,NA,NA,NA,142,1317,11,NA,12496,NA,1489,NA,NA,2868,NA,2747,NA,NA,NA,NA,NA,NA,NA,NA,NA,NA,NA,NA,1,NA,NA,NA,NA,NA,NA
128,"CNRM-ESM2-1","ssp245","r1i1p1f2","2081_2100",20,NA,NA,NA,101,6218,5373,543,23123,136,636,279,NA,437,NA,1303,15415,3990,NA,4424,36,3903,NA,NA,NA,52,1235,6,NA,14049,NA,1630,NA,NA,2711,NA,2675,NA,NA,NA,NA,NA,NA,NA,NA,NA,NA,NA,NA,1,NA,NA,NA,NA,NA,NA
129,"CNRM-ESM2-1","ssp245","r2i1p1f2","2081_2100",3,NA,NA,31,130,2074,10586,1,25301,169,216,37,NA,275,NA,5798,10450,3069,NA,2061,6,632,NA,NA,NA,418,1188,5,NA,15170,NA,1995,NA,NA,3853,NA,4823,NA,NA,NA,NA,NA,NA,NA,NA,NA,NA,NA,NA,5,NA,NA,NA,NA,NA,NA
130,"CNRM-ESM2-1","ssp245","r3i1p1f2","2081_2100",33,NA,NA,NA,159,9637,3919,1046,22134,138,558,423,NA,904,NA,490,18036,5216,NA,6627,40,3307,NA,NA,NA,28,1487,17,NA,9691,NA,837,NA,NA,1384,NA,2161,NA,NA,NA,NA,NA,NA,NA,NA,NA,NA,NA,NA,24,NA,NA,NA,NA,NA,NA
131,"EC-Earth3","ssp245","ensembleMean","2081_2100",10,NA,NA,1,56,3582,5452,1,24743,113,260,15,NA,781,2,1843,17120,3154,NA,3840,7,2007,NA,NA,NA,95,796,2,NA,15216,NA,2446,NA,NA,4669,NA,2078,NA,NA,NA,NA,1,NA,NA,NA,NA,NA,NA,NA,6,NA,NA,NA,NA,NA,NA
132,"EC-Earth3","ssp245","r15i1p1f1","2081_2100",17,NA,NA,2,47,2075,6778,NA,23597,131,229,7,NA,995,3,3223,15413,2595,NA,3692,9,1462,NA,NA,NA,105,755,NA,NA,16057,NA,3536,NA,NA,5172,NA,2384,NA,NA,NA,NA,11,NA,NA,NA,NA,NA,NA,NA,1,NA,NA,NA,NA,NA,NA
133,"EC-Earth3","ssp245","r1i1p1f1","2081_2100",4,NA,NA,4,63,1640,6706,NA,25857,129,158,5,NA,808,NA,3772,14804,3082,NA,961,1,866,NA,NA,NA,147,904,1,NA,15453,NA,3454,NA,NA,6671,NA,2792,NA,NA,NA,NA,13,NA,NA,NA,NA,NA,NA,NA,1,NA,NA,NA,NA,NA,NA
134,"EC-Earth3","ssp245","r4i1p1f1","2081_2100",4,NA,NA,2,50,1397,12305,12,16701,103,130,25,NA,66,NA,5839,12645,2461,NA,9700,8,1347,NA,NA,NA,163,589,4,NA,13398,NA,830,NA,NA,7267,NA,3249,NA,NA,1,NA,NA,NA,NA,NA,NA,NA,NA,NA,NA,NA,NA,NA,NA,NA,NA
135,"GFDL-ESM4","ssp245","ensembleMean","2081_2100",17,NA,NA,6,223,3465,6499,138,24268,199,570,111,2,432,10,1937,16267,3777,NA,6285,27,3856,NA,NA,NA,200,1462,6,NA,11653,NA,2040,NA,NA,2931,NA,1900,NA,NA,NA,NA,NA,NA,NA,NA,NA,NA,NA,NA,15,NA,NA,NA,NA,NA,NA
136,"GFDL-ESM4","ssp245","r1i1p1f1","2081_2100",20,NA,NA,1,176,4677,4182,492,26001,66,579,160,10,897,25,562,18790,4229,NA,3564,28,3669,NA,NA,NA,47,1318,6,NA,12833,NA,1887,NA,NA,2593,NA,1366,NA,NA,NA,NA,NA,NA,NA,NA,NA,NA,NA,NA,87,24,NA,NA,6,NA,1
137,"GFDL-ESM4","ssp245","r2i1p1f1","2081_2100",37,NA,NA,117,223,655,11640,11,21611,655,654,48,4,60,NA,7695,7440,2134,NA,4279,41,3060,NA,NA,NA,1218,1124,4,NA,14719,2,2389,NA,NA,3810,NA,4662,NA,NA,NA,2,2,NA,NA,NA,NA,NA,NA,NA,NA,NA,NA,NA,NA,NA,NA
138,"GFDL-ESM4","ssp245","r3i1p1f1","2081_2100",10,NA,NA,4,187,3350,6264,199,24624,117,395,123,1,526,50,1993,18351,3735,1,9060,13,3210,NA,NA,NA,230,1280,4,NA,8330,NA,2002,NA,NA,2804,NA,1394,NA,NA,NA,NA,NA,NA,NA,NA,NA,NA,NA,NA,24,NA,NA,NA,15,NA,NA
139,"GISS-E2-1-G","ssp245","ensembleMean","2081_2100",14,NA,NA,2,110,7175,5073,941,20277,260,421,360,NA,556,10,758,20148,4290,2,11997,10,3112,NA,NA,NA,52,1261,6,NA,6826,NA,1368,NA,NA,1744,NA,1506,NA,NA,NA,NA,NA,NA,NA,NA,NA,NA,NA,NA,17,NA,NA,NA,NA,NA,NA
140,"GISS-E2-1-G","ssp245","r1i1p3f1","2081_2100",NA,NA,NA,NA,96,6140,5255,392,23968,140,196,225,NA,497,9,1242,19487,3457,NA,11068,NA,992,NA,NA,NA,56,962,7,NA,7935,NA,1967,NA,NA,2936,NA,1239,NA,NA,NA,NA,NA,NA,NA,NA,NA,NA,NA,NA,30,NA,NA,NA,NA,NA,NA
141,"GISS-E2-1-G","ssp245","r2i1p3f1","2081_2100",63,NA,4,NA,62,12502,2731,2245,14373,19,278,493,161,1102,13,115,23764,4663,3,12408,203,4583,NA,NA,NA,8,1076,10,11,5311,NA,749,NA,NA,669,NA,664,NA,NA,NA,NA,NA,NA,NA,NA,NA,NA,NA,NA,13,NA,NA,NA,NA,NA,NA
142,"GISS-E2-1-G","ssp245","r3i1p3f1","2081_2100",14,NA,NA,1,105,6451,4806,899,21916,255,490,427,NA,635,5,448,20606,4219,NA,8396,7,3338,NA,NA,NA,48,1273,5,1,8446,NA,1414,NA,NA,2149,NA,1777,NA,NA,NA,NA,NA,NA,NA,NA,NA,NA,NA,NA,165,NA,NA,NA,NA,NA,NA
143,"MIROC6","ssp245","ensembleMean","2081_2100",46,NA,NA,20,146,2345,6768,612,18350,770,1386,216,7,147,NA,1427,12921,2992,NA,3528,282,5726,NA,NA,NA,185,1369,8,NA,18594,NA,2301,NA,NA,3850,NA,4297,NA,NA,NA,NA,NA,NA,NA,NA,NA,1,NA,NA,2,NA,NA,NA,NA,NA,NA
144,"MIROC6","ssp245","r1i1p1f1","2081_2100",44,NA,NA,117,53,331,13790,203,10784,753,663,145,NA,NA,NA,8105,4841,1062,NA,9222,140,5175,NA,NA,NA,1310,487,8,NA,17523,7,967,NA,5,5002,1,7261,NA,NA,NA,1,293,NA,1,NA,NA,2,NA,NA,NA,NA,NA,NA,NA,NA,NA
145,"MIROC6","ssp245","r2i1p1f1","2081_2100",73,NA,NA,5,139,4036,3834,478,22631,178,1138,144,31,1047,NA,382,15937,3555,NA,1703,250,5046,NA,NA,NA,54,1387,4,NA,18483,NA,2360,NA,NA,3054,NA,2315,NA,NA,NA,NA,NA,NA,NA,NA,NA,1,NA,NA,31,NA,NA,NA,NA,NA,NA
146,"MIROC6","ssp245","r3i1p1f1","2081_2100",45,NA,NA,36,144,1926,6089,613,19156,1064,1421,149,25,270,NA,1955,12157,2705,NA,1146,218,4426,NA,NA,NA,496,1262,9,NA,20095,NA,2355,NA,NA,4035,NA,6432,NA,NA,NA,NA,63,NA,NA,NA,NA,NA,NA,NA,4,NA,NA,NA,NA,NA,NA
147,"MPI-ESM1-2-HR","ssp245","ensembleMean","2081_2100",143,NA,NA,38,260,7906,7107,1164,16591,202,1485,975,2,24,NA,1368,11508,5088,NA,9459,779,5393,NA,NA,NA,230,1706,130,NA,11041,16,584,NA,1,926,NA,4153,13,NA,NA,NA,NA,NA,1,NA,NA,3,NA,NA,NA,NA,NA,NA,NA,NA,NA
148,"MPI-ESM1-2-HR","ssp245","r1i1p1f1","2081_2100",354,NA,NA,60,241,4958,9647,1829,11768,195,2278,1602,2,NA,NA,2189,8810,4768,NA,12426,1739,7011,NA,NA,NA,299,1501,292,NA,10326,56,528,NA,14,875,10,4472,28,NA,4,NA,NA,NA,3,NA,NA,11,NA,NA,NA,NA,NA,NA,NA,NA,NA
149,"MPI-ESM1-2-HR","ssp245","r2i1p1f1","2081_2100",61,NA,NA,35,263,8892,6833,884,21711,156,833,678,1,236,NA,878,13984,5066,NA,6413,181,2810,NA,NA,NA,196,1647,46,NA,11982,NA,645,NA,NA,1101,NA,2761,3,NA,NA,NA,NA,NA,NA,NA,NA,NA,NA,NA,NA,NA,NA,NA,NA,NA,NA
150,"MRI-ESM2-0","ssp245","ensembleMean","2081_2100",2,NA,NA,3,100,3369,7277,73,23458,307,249,83,NA,233,27,2353,18120,3379,NA,6953,3,1779,NA,NA,NA,187,961,4,NA,9879,NA,1054,NA,NA,4952,NA,3468,NA,NA,NA,NA,NA,NA,NA,NA,NA,NA,NA,NA,5,NA,NA,NA,18,NA,NA
151,"MRI-ESM2-0","ssp245","r1i1p1f1","2081_2100",2,NA,NA,3,100,3369,7277,73,23458,307,249,83,NA,233,27,2353,18120,3379,NA,6953,3,1779,NA,NA,NA,187,961,4,NA,9879,NA,1054,NA,NA,4952,NA,3468,NA,NA,NA,NA,NA,NA,NA,NA,NA,NA,NA,NA,5,NA,NA,NA,18,NA,NA
152,"ensembleMean","ssp245","ensembleMean","2081_2100",20,NA,NA,2,80,4433,7245,376,20058,209,542,185,NA,83,NA,2132,14798,3265,NA,6882,23,3719,NA,NA,NA,105,1038,7,NA,14475,NA,1386,NA,NA,3955,NA,3278,NA,NA,NA,NA,NA,NA,NA,NA,NA,NA,NA,NA,NA,NA,NA,NA,NA,NA,NA
